"yyyymm"	"Cnsmr"	"Manuf"	"HiTec"	"Hlth"	"Other"	"b.m"	"ntis"	"infl"
192612	3.62	2.76	1.03	0.11	3.4	0.441475827	0.0508852104	0
192701	-1.19	0.15	0.46	5.05	1.51	0.4437056454	0.050832763	-0.011299435
192702	5.28	4	4.19	1.71	5.06	0.4285008644	0.0516809667	-0.0057142857
192703	1.64	-1.43	3.65	1.01	1.27	0.4697651174	0.0463699163	-0.0057471264
192704	3.52	-1.13	1.35	2.74	0.86	0.4567541302	0.0505179017	0
192705	6.09	5.67	5.28	4.12	6.43	0.4347826087	0.0552790327	0.0057803468
192706	-1.95	-3.03	0.51	0.54	-2.11	0.4523852494	0.0588256372	0.0114942529
192707	8.69	7.51	7.59	9.84	6.09	0.414553473	0.0597541787	-0.0170454545
192708	5.23	1.97	2.94	0.28	-1.06	0.3962274092	0.0545259274	-0.0057803468
192709	5.89	4.9	3.93	5.65	4.6	0.380586062	0.0946167888	0.0058139535
192710	-3	-4.7	-4.54	5.13	-3.79	0.4138006933	0.0943707272	0.0057803468
192711	7.75	7.7	6.52	3.68	4.5	0.3793955905	0.082270951	-0.0057471264
192712	3.61	2.2	1.28	-0.46	1.98	0.3746885899	0.076474752	0
192801	-1.21	0.18	-0.03	2.69	-0.99	0.3786696208	0.0626051546	0
192802	-1.53	-1.11	-0.38	-1.38	-2	0.3860765992	0.0551726339	-0.0115606936
192803	13.88	6.96	10.32	10.54	6.09	0.363254838	0.0543639372	0
192804	0.44	7.69	2.7	2.35	4.22	0.3680952606	0.0493720638	0
192805	3.51	0.1	4.36	9.27	0.01	0.3543969792	0.0471873758	0.0058479532
192806	-4.05	-4.35	-5.12	-3.15	-4.27	0.3702999477	0.0502987889	-0.0058139535
192807	2.2	1.03	-0.29	2.39	-0.36	0.3606481481	0.0593803298	0
192808	8.99	6.28	7.23	14.57	4.75	0.3240297825	0.0573989063	0
192809	3.66	4.44	0.42	-1.14	1.98	0.3281658101	0.0279800569	0.0116959064
192810	1.69	2.39	2.38	0.05	-0.42	0.3089308376	0.0340193716	-0.0057803468
192811	7.8	16.03	13.46	5.05	10.02	0.2655259391	0.0383720096	0
192812	-1.01	0.51	3.78	-0.41	0.45	0.2596666667	0.0630687383	-0.0058139535
192901	0.68	6.05	11.7	3.43	5.59	0.2453466033	0.0784486564	0
192902	-1.52	1.34	-0.9	0.05	0.02	0.2454238997	0.0717831373	0
192903	-3.62	1.09	4.41	-1.5	-2.16	0.2723004695	0.0798045664	-0.0058479532
192904	1.1	2.45	2.48	1.48	0.44	0.2633969119	0.0993226329	-0.0058823529
192905	-9.69	-5.67	-3.68	-7.84	0.03	0.2827746209	0.1179866681	0.0059171598
192906	7.01	12.32	15.73	4.52	5.73	0.2535805819	0.1161973604	0.0058823529
192907	0.38	4.54	10.97	2.59	6.61	0.2418751798	0.1106879396	0.0116959064
192908	4.94	9.69	11.92	3.09	7.82	0.2211237609	0.115277315	0
192909	-5.72	-3.94	-5.1	-7.02	-6.44	0.2448682487	0.1213901177	0
192910	-20.45	-20.47	-22.65	-18.02	-11.88	0.307484187	0.159611836	0
192911	-12.2	-12.35	-14.84	-7.9	-9.58	0.3519564763	0.1770397921	0
192912	0.15	2.35	6.1	1.11	-0.49	0.3384578236	0.1635221721	-0.0057803468
193001	5.54	5.04	6.32	2.55	4.76	0.3148162012	0.1533141989	-0.0058139535
193002	0.47	2.23	7.45	3.15	3.29	0.3102061894	0.1592556286	-0.0058479532
193003	3.86	10.15	8.41	5.99	4.79	0.3191191891	0.1454961766	-0.0058823529
193004	-1.71	-1.07	-0.84	-1.27	-6.55	0.3269705977	0.1296808921	0.0059171598
193005	1.86	-2.15	-2.4	-1.49	-0.93	0.3319155124	0.1249268071	-0.0058823529
193006	-15.66	-16.97	-14.85	-13.34	-11.82	0.4033754529	0.1310010449	-0.0059171598
193007	5.4	4.64	2.78	6.52	3.46	0.3901876149	0.1405508333	-0.0119047619
193008	1.56	-0.43	2	7.71	-0.36	0.3797521005	0.121494954	-0.0060240964
193009	-11.51	-13.57	-12.35	-8.7	-10.56	0.4455832113	0.1272003762	0.0060606061
193010	-7.46	-9.06	-10.87	-4.37	-8.43	0.4979547314	0.129491358	-0.0060240964
193011	2.04	-3.75	-3.27	-3.23	-5.17	0.5046708308	0.1377528675	-0.0060606061
193012	-5.83	-7.8	-7.09	-6.79	-8.81	0.5547454126	0.1138858911	-0.0182926829
193101	6.47	4.5	4.99	8.23	11.83	0.5391520019	0.089710832	-0.0124223602
193102	11.35	12.07	13.43	7.81	5.52	0.4796679626	0.082533364	-0.0125786164
193103	-2.64	-7.06	-5.64	1.8	-9.41	0.529125087	0.0739691724	-0.0063694268
193104	-5.9	-12.3	-8.48	-3.62	-9.88	0.6032144983	0.0777687853	-0.0064102564
193105	-10.64	-13.86	-10.76	-10.26	-17.44	0.7099486221	0.0713674036	-0.0129032258
193106	11.01	15.12	13.99	9.69	16.34	0.6072712745	0.0637461202	-0.0130718954
193107	-2.84	-7.23	-7.25	2.61	-9.91	0.6736095723	0.0339939666	0
193108	-0.32	1.32	2.02	0.39	-3.9	0.654185496	0.0201448096	0
193109	-28.58	-30.86	-26.78	-29.45	-26.5	0.9440016561	0.0303524609	-0.0066225166
193110	9.99	9.38	7.02	11.26	1.88	0.8771761085	0.0112531729	-0.0066666667
193111	-5.42	-7.29	-9.77	-2.79	-19.2	0.9715564078	0.003378334	-0.0134228188
193112	-10.69	-15.53	-10.06	-4.1	-16.48	1.1707317073	-0.0129441955	-0.0068027211
193201	-0.41	-2.19	-6.74	-2.66	6.71	1.1913781842	-0.0115774352	-0.0205479452
193202	4.33	6.96	9.78	2.05	-0.19	1.1198428291	-0.0157276692	-0.013986014
193203	-10.33	-9.7	-11.41	-6.41	-15.99	1.1858624454	-0.0084155117	-0.0070921986
193204	-15.89	-18.19	-16.23	-19.77	-22.34	1.5537278741	-0.0154750877	-0.0071428571
193205	-22.7	-17.84	-16.06	-34.08	-30.03	1.9423334823	-0.0340510446	-0.0143884892
193206	-0.75	1.23	-5.41	11.05	-2.01	2.0284780579	-0.0406886277	-0.0072992701
193207	28.44	35.86	24.4	29.18	55.78	1.6125440713	-0.0291765092	0
193208	28.96	37.21	33.84	35.87	58.75	1.1878075451	-0.0150632226	-0.0073529412
193209	1.9	-5.19	-1.82	-11.92	-4.13	1.2143655674	0.0007049814	-0.0074074074
193210	-14.57	-11.22	-11.87	-18.56	-18.01	1.4038772213	-0.0028734808	-0.0074626866
193211	-5.92	-6.63	-3.36	5.53	-6.88	1.5421472937	-0.0033213911	-0.007518797
193212	4.21	4.23	4.82	6.82	4.9	1.4420843014	-0.005031571	-0.0075757576
193301	2.25	-0.93	0.65	-1.13	8.54	1.4269293924	-0.0064898135	-0.0152671756
193302	-14.05	-17.32	-11.55	-10.82	-16.42	1.6909904651	-0.0058167549	-0.015503876
193303	9.79	1.84	-2.51	-3.16	3.8	1.476534296	-0.021882756	-0.0078740157
193304	43.67	43.53	25.52	37.13	30.73	1.1190150479	-0.006368252	0
193305	16.46	22.17	18.29	23.49	31.5	0.9283849733	-0.0030009102	0
193306	13.98	13.16	10.62	10.39	14.51	0.8335031588	0.0007615701	0.0079365079
193307	-8.18	-12.04	-6.94	-19.11	-6.67	0.9011788036	0.0027143126	0.031496063
193308	12.01	13.05	7.59	-0.38	14.6	0.7987501221	0.0021474203	0.0076335878
193309	-9.79	-9.93	-8.79	-1.31	-16.41	0.8679966044	-0.0004583629	0
193310	-9.1	-6.99	-8.08	-6.02	-10.84	0.9278584392	0.0034631395	0
193311	12.06	10.72	8.12	9.4	5.34	0.8335031588	0.0059235947	0
193312	2.04	2.21	-1.86	-11.73	4.7	0.8290260464	0.0061958281	0
193401	12.49	11.77	9.78	16.77	18.55	0.7629173662	0.0035583231	0
193402	-2.36	-2.99	-1.24	-3.59	-1.89	0.790643727	0.0055949443	0.0075757576
193403	1	-1.36	1.99	-0.64	0.83	0.8025122121	0.0096063281	0
193404	-0.9	-2.69	-1.67	8	-1.65	0.8010747338	0.0078287967	0
193405	-6.92	-8.07	-5.18	-0.38	-7.35	0.8563829787	0.0076523036	0
193406	1.78	3.31	1.87	2.04	3.1	0.8407310705	0.00598278	0.007518797
193407	-8.05	-11.92	-7.27	-1.89	-17.28	0.9142532652	0.0029100957	0
193408	5.9	6.26	4.05	-3.05	4.44	0.8668964032	0.0199590079	0
193409	0.88	-1.11	1.07	0.8	-0.35	0.8703643637	0.0194411438	0.0149253731
193410	0.21	-2.81	-1.33	-0.71	-2.21	0.8622536418	0.0238994302	-0.0073529412
193411	10.93	9.14	4.01	4.07	5.63	0.7820089372	0.020713039	0
193412	0.17	0.37	1.16	0.62	-0.17	0.7737408689	0.0208147193	-0.0074074074
193501	-4.3	-3.07	0.21	-0.86	-6.71	0.791621595	0.020999508	0.0149253731
193502	-0.12	-3.45	0.68	4.25	-4.7	0.7862863841	0.0147107813	0.0073529412
193503	-4.84	-2.72	-2.18	-3.14	-5.32	0.8007541179	0.0120481999	0
193504	5.9	11.11	9.6	3.18	8.75	0.7373229785	0.0190957253	0.0072992701
193505	1.88	3.79	5.95	-4.02	3.89	0.7293926247	0.0193000161	0
193506	6.72	5.35	6.33	4.09	6.32	0.6818181818	0.0193458521	-0.0072463768
193507	8.13	7.27	7.35	3.19	7.27	0.6393091975	0.0174097747	0
193508	2.42	2.3	3.7	0.29	3.39	0.6336866902	0.0049816151	0
193509	3.88	1.24	5.76	1.11	0.63	0.6117343845	0.0080266211	0
193510	6.59	9.02	5.59	5.97	2.4	0.5775010734	0.0029507271	0
193511	2.28	3.54	7.97	1.74	13.19	0.5669523676	0.0022194292	0.0072992701
193512	2.65	6.81	1.45	2.35	4.3	0.5599111913	0.0086888346	0
193601	2.21	9.03	5.21	3.46	12.15	0.5398354405	0.0089077281	0
193602	1.78	2.51	3.73	3.45	2.79	0.5290762473	0.0137604535	0
193603	2.93	2	-1.91	3.52	-2.96	0.5276960471	0.0134560371	-0.0072463768
193604	-6.79	-9.26	-7	-9.19	-7.43	0.5663485961	0.019252871	0
193605	4.97	4.6	5.91	4.8	7.4	0.5404874214	0.0186275943	0
193606	4.56	1.73	1.93	1.29	1.78	0.523178388	0.0208134501	0.0072992701
193607	4.32	7.39	6.69	4.65	9.65	0.5004246027	0.0217469882	0.0072463768
193608	0.76	0.64	2.06	-1.48	1.83	0.496121234	0.0196660344	0.0071942446
193609	1.5	1.32	-0.4	0.77	0.89	0.4915981409	0.021398483	0
193610	5.64	8.72	5.39	3.78	8.11	0.4657070279	0.021804227	0
193611	3.79	3.27	4.63	3.4	0.49	0.4502783539	0.022840762	0
193612	-5.01	3.43	1.01	-2.04	-1.18	0.4585881045	0.0252247216	0
193701	3.54	3.75	3.66	3.47	1.04	0.4465735628	0.0250032496	0.0071428571
193702	0.88	1.54	-2.2	-3.72	4.76	0.4407757653	0.0252076774	0
193703	-2.47	1.08	-3.3	-5.03	2.68	0.4586663806	0.0335068293	0.0070921986
193704	-7.09	-7.9	-6.43	-3.32	-6.83	0.4906180065	0.0281072644	0.0070422535
193705	-1.87	0	1.17	1.68	-3.33	0.4893824051	0.0282780631	0.006993007
193706	-5.41	-3.49	-0.01	-4.12	-8.94	0.5049610206	0.0312661665	0
193707	8.88	9.9	6.32	4.14	8.74	0.4646486604	0.027224932	0.0069444444
193708	-2.83	-5.6	-3.65	1.09	-8.34	0.481934502	0.0310644128	0
193709	-11.45	-15.74	-8.04	-10.76	-15.89	0.5531474413	0.0358467256	0.0068965517
193710	-8.94	-11	-6.21	-3.55	-10.13	0.6174176776	0.0409585636	0
193711	-10.75	-8.7	-4.05	-5.12	-6.85	0.6924198251	0.0420330184	-0.0068493151
193712	-7.29	-3.05	-1.84	-2.41	-6.63	0.7074886223	0.0317777282	-0.0068965517
193801	5.76	-1.2	-2.45	3.52	0.49	0.7015672438	0.0388040183	-0.0138888889
193802	4.82	8.38	0.69	8.61	4.88	0.6595186671	0.0322499621	-0.0070422535
193803	-20.45	-24.96	-22.25	-14.44	-29.74	0.8923698838	0.0338481247	0
193804	13.81	14.6	14.91	11.82	14.53	0.7907934802	0.0271633633	0.0070921986
193805	-2.78	-5.6	-0.87	1.71	-3.96	0.8195656209	0.0299799465	-0.0070422535
193806	21.24	27.74	18.89	10.07	24.86	0.659545862	0.0167466748	0
193807	10.87	6.26	3.41	5.8	10	0.6253541076	0.0170575032	0
193808	-0.65	-4.32	-0.42	0.36	-3.73	0.6340202484	0.0143103239	0
193809	0.46	1.39	1.2	-0.01	-1.25	0.6242488512	0.0118982151	0
193810	6.24	8.37	6.67	5.63	11.1	0.5819547881	0.0079344917	-0.0070921986
193811	-1.58	-1.77	-1.81	1.44	-2.02	0.5893739154	0.0085352672	0
193812	2.15	5.22	2.81	0.85	6.32	0.5720393884	0.0057217127	0
193901	-4.28	-7.38	-2.69	-0.96	-8.65	0.6142181413	-0.0036013643	0
193902	4.76	2.63	3.17	3.72	4.7	0.5994568907	0.0006149354	-0.0071428571
193903	-10.42	-13.53	-8.06	-4.33	-14.95	0.6606492718	-0.0012606856	0
193904	0.47	-0.7	0.43	1	-1.83	0.6784545879	-0.0018831933	-0.0071942446
193905	7.58	6.16	6.68	5.49	8.01	0.6303372413	-0.0023543238	0
193906	-3.59	-5.94	-5.55	1.1	-7.62	0.6667687361	-8.63519e-05	0
193907	10.02	10.44	9.61	3.08	11.59	0.6079854809	-0.0015621881	0
193908	-7.23	-6.02	-5.86	-5.43	-9.97	0.6480172606	-0.0030065253	0
193909	9.65	23.43	6.5	7.07	25.59	0.5800479489	-0.0021095516	0.0217391304
193910	2.26	-2.35	1.31	0.21	-1.59	0.5734790624	-0.0018527882	-0.0070921986
193911	-1.7	-5.48	-0.57	1.22	-5.05	0.5978447388	-0.0016991367	0
193912	3.37	2.9	3.18	3.77	2.38	0.5807053804	0.0025507841	0
194001	-0.71	-3.49	-1.85	-1.79	-2.66	0.5993256726	0.0077727052	-0.0071428571
194002	1.67	1.79	0.37	1.48	0.88	0.5943769619	0.0048402619	0.0071942446
194003	2.65	1.6	1.93	1.9	2.63	0.6479598753	0.0056787088	0
194004	0.58	0.36	-0.43	-0.31	-0.77	0.644074648	0.0058486658	0
194005	-23.34	-22.45	-16.86	-21.21	-24.01	0.8225778696	0.0066101852	0
194006	7.21	6.22	6.48	4.91	8.56	0.7832213665	0.0063697907	0.0071428571
194007	2.83	3.47	3.12	-0.52	3.38	0.7578880609	0.0081091893	-0.0070921986
194008	3.61	1.77	1.06	-2.29	2.88	0.7417752948	0.0090864626	0
194009	2.92	1.92	2.67	4.61	2.46	0.720747889	0.0096469388	0
194010	0.68	4.52	1.94	-3	5.3	0.7101998366	0.0094148326	0
194011	-1.15	-2.47	-0.77	-1.82	-0.09	0.7352149504	0.0101576525	0
194012	-0.77	1.5	1.21	-0.23	0.24	0.7290475101	0.0125891885	0.0071428571
194101	-4.11	-5.44	-2.28	-2.19	-1.62	0.7701603158	0.010853414	0
194102	-1.33	-1.64	-1.5	-4.69	-0.31	0.7837992949	0.0107702342	0
194103	0	0.96	1.21	1.77	1.81	0.8042698827	0.010060575	0.0070921986
194104	-6.4	-4.46	-7.32	-5.22	-4.44	0.8542496105	0.0104815348	0.0070422535
194105	0.03	3.24	0.09	-1.45	-0.93	0.8491783533	0.0099236032	0.006993007
194106	5.28	5.91	7.22	6.72	4.51	0.8015267176	0.0089675066	0.0208333333
194107	4.87	7.93	0.48	8.03	7.52	0.7663638481	0.0090298599	0
194108	1.65	-1.52	0.93	0.08	0.2	0.7745428863	0.0107250203	0.0136054422
194109	2.13	-2.32	-0.16	-0.21	-2.57	0.7782684119	0.0102838552	0.0134228188
194110	-6.86	-4.5	-5.66	-3.69	-4.11	0.8377185537	0.0116872081	0.0132450331
194111	-3.64	-0.61	-3.28	-2.93	-1.54	0.8608058608	0.0103646245	0.0065359477
194112	-7.7	-3.35	-5.13	-1.59	-5.36	0.8895097332	0.0103428263	0.0064935065
194201	3.11	-1.52	-0.43	-2.99	9.54	0.9021113244	0.0089351822	0.0129032258
194202	-1.58	-3.32	-1.35	-5.35	-1.86	0.9260649278	0.0093501527	0.0063694268
194203	-5.03	-6.83	-6.65	-5.54	-8.98	1.0348638601	0.0101204616	0.0126582278
194204	-4.6	-4.23	-5.81	-4.45	-2	1.0802307289	0.0110048192	0.00625
194205	9.84	3.59	7.78	14.69	3.55	1.0210150674	0.010525173	0.0124223602
194206	2.73	3.6	0.61	2.85	1.97	0.9967098897	0.0101983055	0
194207	2.9	3.36	3.3	1.6	6.59	0.974271661	0.0084862716	0.0061349693
194208	1.51	1.89	1.72	2.43	2.41	0.9686824038	0.0071526483	0.006097561
194209	0.97	3.21	3.38	0.26	3.38	0.9440014664	0.0062435384	0
194210	4.03	8.2	6.22	4.13	8.91	0.9074889868	0.0044262784	0.0121212121
194211	2.63	-1.36	2.36	1.58	-2.06	0.8995633188	0.0050957059	0.005988024
194212	5.39	5.82	2.88	8.69	4.47	0.8626465662	0.0018120043	0.005952381
194301	7.31	7.47	6.5	2.47	7.06	0.8213061159	0.0020883053	0
194302	4.81	6.25	6.3	3.64	9.43	0.7940790995	0.0025699914	0
194303	5.56	6.17	3.7	4.56	10.07	0.7834809988	0.0018918598	0.0177514793
194304	1.06	-0.23	2.75	1.4	2.19	0.78978447	0.0012510459	0.011627907
194305	6.78	5.39	5.35	5.13	5.58	0.7578977192	0.0009461828	0.0057471264
194306	3.81	1.28	2.34	0.5	-0.78	0.7462686567	0.0012001053	0
194307	-4.84	-5.02	-3.54	-3.26	-5.21	0.7795992714	0.0178236432	-0.0057142857
194308	2.44	0.92	0.72	0.26	1.41	0.7831942615	0.0139543192	-0.0057471264
194309	2.01	2.4	3.13	4.02	2.18	0.7636311733	0.013693478	0.0057803468
194310	-1.07	-1.07	-1.19	0.57	-1.08	0.7737363511	0.0168686484	0
194311	-4.8	-6.79	-3.85	-3.93	-7.97	0.8258084433	0.0190799607	0
194312	6.91	6.44	5.27	3.94	7.16	0.7874015748	0.0144225261	0
194401	2.23	1.3	0.75	0.29	4.48	0.7787481805	0.0192532185	0
194402	1.22	-0.03	-0.47	-2.64	2.06	0.7850330154	0.0194938253	0
194403	3.34	2.1	2.09	2.46	2.65	0.813886488	0.0191453147	0
194404	-1.47	-1.72	-1.18	-2.36	-2.45	0.8296013509	0.0200775805	0.0057471264
194405	6.14	5.09	3.19	5.68	4.28	0.794431946	0.0183973447	0
194406	6.94	4.89	5.14	3.85	5.94	0.7615581615	0.0182017583	0.0057142857
194407	-1.89	-1.5	-1.04	-1.24	-0.8	0.7733899117	0.0043229237	0.0056818182
194408	3.17	1.07	1.26	0.76	0.36	0.7687597796	0.0080697851	0
194409	0.54	-0.24	-0.16	0.43	0.11	0.7723327182	0.0089627427	0
194410	-0.84	0.49	0.78	1.09	0.69	0.7711731386	0.0065111807	0
194411	1.95	1.25	1.11	0.52	4.29	0.7669856784	0.0057837717	0
194412	2.71	4.39	2.54	1.71	8.45	0.7437635753	0.0190624465	0.0056497175
194501	1.59	3.74	-0.79	0.56	0.61	0.7353419666	0.0164538969	0
194502	5.34	6.97	4.66	4.25	7.85	0.7044887781	0.0148360524	0
194503	-3.66	-4.75	-1.93	-1.83	-3.53	0.7678826431	0.0159625278	0
194504	8.49	8.13	5.19	6.33	8.82	0.7150628627	0.0150858689	0
194505	2.73	0.42	2.8	4.11	3.09	0.7029114676	0.0197732119	0.0056179775
194506	-0.93	0.32	0.41	-4.65	4.46	0.7188430455	0.0194663167	0.0111731844
194507	-0.95	-2.75	0.32	-1.62	-5.47	0.7263015717	0.0204374124	0
194508	8.42	6	5.48	9.19	2.56	0.6787538011	0.018945103	0
194509	4.92	5.05	2.63	6.51	6.08	0.6568208317	0.0176069197	0
194510	4.39	3.82	1.57	6.61	5.76	0.6339764202	0.0185809993	0
194511	4.17	5.81	3.05	8.58	9.14	0.617883631	0.0189340334	0
194512	2.25	0.75	1.52	1.53	0.15	0.6132393344	0.0255252783	0.0055248619
194601	7.05	6.07	4.14	7.76	7.4	0.5780036156	0.0279694968	0
194602	-5.95	-5.67	-5.1	-4.31	-6.14	0.6223367878	0.0310909521	-0.0054945055
194603	6.15	7.17	1.65	14.57	4.67	0.6148526759	0.0311878756	0.0110497238
194604	4.01	5.56	1.64	14.67	1.7	0.5934129709	0.031306828	0.0054644809
194605	3.41	4.4	3.97	5.64	3.38	0.5780101752	0.0319999197	0.0054347826
194606	-5.49	-3.37	-2.48	-5.52	-3.26	0.5967318354	0.0335915715	0.0108108108
194607	-2.5	-2.43	-1.64	-3.22	-4.95	0.6087517365	0.0391749876	0.0588235294
194608	-6.54	-6.23	-6.95	-3.24	-6.78	0.6485543633	0.0432676449	0.0202020202
194609	-10.7	-9.55	-7.15	-7.03	-14.38	0.7116343812	0.0491119446	0.0099009901
194610	-1.32	-1.13	-4.05	-0.24	-0.46	0.7253916642	0.0485974813	0.0196078431
194611	-2.34	1.28	-0.05	1.67	0	0.7226999647	0.0480722812	0.0240384615
194612	4.44	5.92	4.21	7.23	2.77	0.6924379233	0.0360760605	0.0093896714
194701	3.08	0.33	3.05	-5.32	0.46	0.6800044336	0.0315384626	0
194702	0.18	-1.28	-2.06	-4.19	-1.27	0.6858580212	0.0301026572	0
194703	-2.34	-0.67	-2.21	-1.26	-3.33	0.7415349887	0.0310199797	0.0186046512
194704	-6.31	-3.98	-2.59	-8.6	-6.26	0.7700421941	0.0313459749	0
194705	-0.93	-0.77	-0.72	-2.68	-2.07	0.776366322	0.025894307	0
194706	7.26	6.15	0.09	4.19	3.18	0.7411167513	0.0264727428	0.00456621
194707	4.79	3.7	3.46	2.6	5.99	0.7173272191	0.0206405097	0.0090909091
194708	-1.82	-1.24	-1.89	-3.83	-3.18	0.7346938776	0.0231767917	0.0135135135
194709	-0.56	-0.59	0.98	-2.62	-0.97	0.7403233985	0.02405855	0.0222222222
194710	2.25	3.43	0.95	1.22	1.01	0.722732523	0.0230185724	0
194711	-2.16	-1.75	-1.59	-3.04	-1.98	0.7319926466	0.0259081445	0.0043478261
194712	1.04	4.48	1.44	3.1	3.7	0.725325679	0.0259215953	0.012987013
194801	-3.6	-4.7	-2.68	-8.23	-0.86	0.751888304	0.0277653867	0.0128205128
194802	-5.29	-4.37	-2.45	-3.53	-4.11	0.7877697842	0.029134401	-0.0084388186
194803	6.29	9.35	6.28	6.33	9.93	0.8414221219	0.0271870255	-0.0042553191
194804	2.31	5.14	1.04	2.14	3.24	0.8259930198	0.0274539336	0.0170940171
194805	8.67	7.03	7.51	6.78	6.79	0.7816923561	0.0255781215	0.0042016807
194806	-1.13	0.9	-0.51	-2.19	-0.82	0.7869735036	0.0238936692	0.0083682008
194807	-4.17	-5.66	-4.11	-4.25	-4.96	0.8222577621	0.02217932	0.0124481328
194808	1.01	-0.44	1.51	-1.9	1.53	0.8205382202	0.0192268027	0.0040983607
194809	-3.1	-3.04	-1.67	-3.08	-3.42	0.8362310712	0.0191280822	0
194810	5.05	7.23	3.89	5.19	4.95	0.7919056724	0.018133741	-0.0040816327
194811	-7.78	-10.69	-5.64	-5.74	-10.58	0.870911215	0.0177915373	-0.0081967213
194812	1.72	4.09	3.58	4.54	2.87	0.8409475465	0.0150145541	-0.0041322314
194901	2.6	-0.51	-1.3	4.57	0.31	0.8324028584	0.0132976714	-0.0041493776
194902	-2.54	-3.19	-2.22	-0.93	-3.17	0.8615509072	0.0172190437	-0.0083333333
194903	3.6	4.38	3.5	5.5	4.89	0.9017504235	0.0146589662	0
194904	-2.38	-1.36	-2.66	0.24	-1.54	0.9174997127	0.0152887455	0.0042016807
194905	-0.93	-3.7	-3.7	-1.88	-2.67	0.9485626039	0.0169014375	-0.0041841004
194906	1.62	-0.39	0.64	2.16	-1.37	0.9538884243	0.0168124176	0.0042016807
194907	6.24	5.85	4.48	6	4.19	0.9077989995	0.0195114004	-0.0083682008
194908	2.78	3.44	0.87	0.19	1.45	0.8938766372	0.0194408008	0.0042194093
194909	2.63	3.66	2.36	1.86	3.4	0.8750205468	0.0233434075	0.0042016807
194910	2.91	3.68	2.77	3.38	2.44	0.8425662129	0.0222332996	-0.0083682008
194911	2.76	1.32	2.74	4.81	1.21	0.833724876	0.0236431599	0.0042194093
194912	5.94	4.35	5.27	8.7	7.17	0.7964292839	0.0271755847	-0.0084033613
195001	1.26	1.47	3.21	1.06	3.19	0.7914168195	0.027102233	-0.0042372881
195002	1.91	1.29	2.06	1.92	1.02	0.7849980338	0.0254916448	0
195003	0.28	1.93	3.46	-2.9	-0.68	0.8255277845	0.029291342	0.0042553191
195004	3.22	5.21	3.58	5.52	1.5	0.7964974714	0.0263975189	0
195005	3.81	6.18	1.07	3.96	1.36	0.7613463432	0.0285722636	0.0042372881
195006	-4.8	-6.11	-6.17	-4.19	-6.8	0.8134474678	0.0303966588	0.0042194093
195007	-1.01	2.81	-2.09	-6.94	7.49	0.8123209169	0.0301173474	0.012605042
195008	5.84	5.25	3.84	3.68	2.3	0.7843408494	0.0295508723	0.0082987552
195009	7.16	4.21	2.17	6.15	6.52	0.7514578547	0.0259142089	0.0041152263
195010	0.29	0.22	-0.63	-1.76	-1.52	0.7559664015	0.0273410383	0.0081967213
195011	-0.6	4.64	1.18	4.68	3.94	0.7473637961	0.0255401327	0.0040650407
195012	2.37	6.84	2.88	6.06	11.04	0.7225384419	0.0313582559	0.012145749
195101	5.86	6.03	4.82	3.1	6.4	0.6835992445	0.0300450784	0.016
195102	2.17	1.41	2.46	1.46	-0.41	0.674866098	0.0311200524	0.0118110236
195103	-1.24	-2.6	-1	1.7	-2.84	0.7813946002	0.0326867713	0.0038910506
195104	1.66	7.12	2.03	10.41	3.74	0.7494307876	0.0320924792	0
195105	-2.73	-2.13	-1.62	1.57	-3.26	0.7778890447	0.0306750269	0.003875969
195106	-4.46	-1.77	-0.91	0.83	-5.11	0.8003626772	0.0363411209	0
195107	3.06	8.92	4.41	14.42	7.39	0.7531218491	0.0325985964	0
195108	4.43	4.76	4.31	-1.38	3.46	0.7185938945	0.0303211996	0
195109	1.63	0.06	1.76	-1.84	3.59	0.7161823278	0.0287995059	0.0077220077
195110	-2.74	-1.67	-3.55	-5.94	-3.62	0.7402325138	0.0291442552	0.0038314176
195111	1.08	0.2	1.33	-0.5	2.12	0.7432923795	0.0316209665	0.0076335878
195112	1.5	4.42	3.03	5.11	2.13	0.7213163466	0.0361507878	0.0037878788
195201	-0.35	2.56	-0.91	0.73	3.32	0.7174258377	0.0351506982	0
195202	-1.61	-3	-2.09	-4.22	-1.58	0.7466933251	0.0348717046	-0.0075471698
195203	4.27	4.88	3.16	0.37	5.85	0.7518741186	0.0320941367	0
195204	-2.79	-6.27	-2.17	-5.46	-3.38	0.7863990995	0.0332314494	0.0038022814
195205	2.96	3.8	2.03	2.53	2.94	0.7705179889	0.0321491207	0
195206	3.76	4.22	3.94	-0.97	4.02	0.7387150879	0.0277312703	0.0037878788
195207	1.7	1.06	0.95	-4.39	1.15	0.724710259	0.0279228246	0.0075471698
195208	1.03	-1.42	0.27	-0.55	-0.13	0.736620128	0.0280428787	0
195209	-1.49	-2.44	0.29	-4.1	-1.36	0.7486789106	0.031038055	0
195210	-0.26	-0.54	-0.12	-1.47	-1.57	0.7525164358	0.0299273118	0
195211	5.79	5.81	6.49	7.25	7.27	0.7142353522	0.0265501524	0
195212	3.6	3.13	1.86	-1.96	3.74	0.6940733128	0.0265347164	0
195301	0.75	-0.51	-0.62	-5.12	1.07	0.6991752079	0.025934035	-0.0037453184
195302	0.07	-0.31	0.04	2.09	-0.22	0.7127027122	0.026515491	-0.0037593985
195303	-2.43	-0.96	-0.63	-0.16	-1.44	0.7624968735	0.0240133528	0.0037735849
195304	-1.06	-3.6	-0.95	-5.35	-3.21	0.7767060965	0.0262931544	0
195305	0.46	0.72	0.72	-0.03	1.44	0.78375202	0.027225579	0.0037593985
195306	-2.16	-1.72	-0.82	-3.29	-2.05	0.795496906	0.0274618998	0.0037453184
195307	1.75	3.18	1.54	3.66	1.42	0.7749291888	0.0261518703	0
195308	-4.22	-4.53	-2.61	0.05	-6.77	0.8169359161	0.0280870247	0.0037313433
195309	-0.21	0.26	2.39	0.43	-0.99	0.8082108771	0.0258766059	0
195310	3.26	5.61	4.13	2.66	3.69	0.7737210398	0.0246952319	0.0037174721
195311	1.28	3.26	3.51	7.98	2.77	0.7584319579	0.0257980017	-0.0037037037
195312	-0.28	0.57	0.52	-1.34	-2.29	0.7597009612	0.0248222723	0
195401	4.34	5.59	4.37	5.65	6.64	0.729847122	0.0233833396	0
195402	0.67	1.67	3.98	-0.18	1.54	0.7245195899	0.0225625653	0
195403	1.91	4.33	5.25	0.28	1.8	0.8049158183	0.022093476	0
195404	2.28	5.05	5.65	1.2	2.87	0.765039301	0.0208562332	-0.0037174721
195405	3.34	3.63	0.42	1.61	4.39	0.7459769764	0.0184925878	0.0037313433
195406	1.39	0.12	5.3	-2.43	1.49	0.732467844	0.018357419	0
195407	7.13	4.95	2	8.21	6.83	0.7021729133	0.0177074723	0
195408	-2.31	-2.09	-2.97	-2.57	-2.25	0.7275163788	0.0175275314	0
195409	8.26	6.77	5.06	2.82	4.33	0.6777451035	0.0168841886	-0.0037174721
195410	-1.71	-1.88	-1.36	-1.62	0.58	0.6937581644	0.0175796112	0
195411	6.04	10.48	8.89	12.55	11.15	0.6316415441	0.014153219	0
195412	4.98	6.01	2.33	6.13	9.36	0.6041197854	0.0269928125	-0.0037313433
195501	0.76	0.3	2.71	-2.88	0.89	0.5975588876	0.0264122091	0
195502	0.42	3.54	4.61	2.85	3.77	0.5931483235	0.0280446533	0
195503	-0.63	0	-0.97	6.1	0.93	0.6077617769	0.0279683419	0
195504	4.12	2.88	3.95	0.01	3.44	0.5849876659	0.0265096789	0
195505	0.21	1.4	0.68	3.14	1.63	0.5860754131	0.0254187153	0
195506	6.18	8.77	2.88	0.17	2.37	0.5516416323	0.0253639323	0
195507	9.37	0.61	-0.57	0.14	-1.79	0.5345068155	0.0247604416	0.0037453184
195508	-1.86	1.38	-1.05	0.15	0.46	0.5318467256	0.0266710626	0
195509	4.38	-0.83	-1.84	-3.2	-2.5	0.5336247911	0.0256339808	0.0037313433
195510	-3.18	-2.2	-3.48	0.81	-2.83	0.5474091499	0.0251006866	0
195511	6.77	7.48	6.54	6.26	8.05	0.5152505897	0.0260337027	0
195512	-1.82	2.81	3.16	6.22	-0.73	0.5098280098	0.0252445499	-0.0037174721
195601	-4.64	-2.49	-2.18	-6.5	-2.76	0.5289544122	0.0264244771	0
195602	3.68	4.25	3.37	8.25	3.17	0.514835108	0.0241653443	0
195603	2.53	8.46	6.42	7.24	5.67	0.5310771996	0.0266950684	0
195604	-2.64	1.52	-0.66	2.74	0.5	0.5266217159	0.0262137487	0.0037313433
195605	-4.11	-5.58	-3.55	-1.24	-5.47	0.5685597741	0.0293029826	0.0037174721
195606	3.79	3.83	4.32	3.58	1.58	0.5515645927	0.0256715221	0.0074074074
195607	3.92	6.03	4.12	3.1	2.42	0.5249029567	0.0247536062	0.0073529412
195608	-0.65	-3.77	-2.58	-3.07	-3.56	0.5413911242	0.0238114833	-0.003649635
195609	-2.32	-5.73	-5.07	-3.69	-4.4	0.5719095213	0.0293619492	0.0036630037
195610	-0.29	0.87	1.14	0.58	1.1	0.5664270084	0.0294573217	0.003649635
195611	-2.42	1.2	1.05	-1.31	0.22	0.5748974153	0.0270884577	0
195612	0.65	4.19	3.58	6.05	2	0.5441768274	0.0261493673	0.0036363636
195701	-2.32	-4.05	-1.87	-2.26	-0.55	0.5672426747	0.0279919939	0
195702	-1.42	-2.25	-0.2	-0.35	-2.56	0.5849941888	0.0301728465	0.0036231884
195703	1.13	2.33	3.26	8.21	2.3	0.5998188749	0.0265995947	0.0036101083
195704	4.12	4.63	4.76	5.43	3.15	0.5760983898	0.0274205931	0.0035971223
195705	1.28	4.71	3.71	4.78	1.37	0.5640385796	0.0288486546	0.0035842294
195706	-0.75	-1.21	2.1	6.45	-1.1	0.5658765324	0.0305276914	0.0035714286
195707	2.55	0.62	0.51	2.98	1.12	0.5600566349	0.0323460398	0.0071174377
195708	-2.53	-5.57	-4.13	-2.26	-5.41	0.5880045422	0.0358539895	0
195709	-3.93	-6.52	-4.55	-3.71	-6.63	0.624150778	0.0343625225	0
195710	-3.62	-4.46	-1.93	-0.45	-6.87	0.6457464176	0.0384097165	0
195711	-1.51	3.21	4.26	7.77	0.33	0.6330717763	0.0409898136	0.0035335689
195712	-4.19	-4.25	-1.31	-0.38	-4.37	0.6536757786	0.034873147	0
195801	6.58	4.32	4.12	-0.05	11	0.6328607617	0.0298961799	0.0070422535
195802	0.34	-2.24	-0.64	4.92	-1.76	0.6473904346	0.0277510802	0
195803	3.49	3.57	1.94	7.53	2.51	0.6685916376	0.0289353475	0.006993007
195804	3.74	3.27	1.13	7.52	4.55	0.6552450314	0.0270182768	0.0034722222
195805	3.8	2.06	1.8	1.07	3.75	0.6455586773	0.0228695103	0
195806	2.53	3.16	2.71	3.23	2.88	0.6246601698	0.0214366176	0
195807	5.12	4.64	2.48	5.97	5.31	0.5938487843	0.0169337992	0.0034602076
195808	2.07	1.67	2.22	1.98	3.07	0.5872638264	0.015090629	-0.0034482759
195809	6.91	3.96	5.68	11.72	4.64	0.5613711966	0.0139834782	0
195810	1.91	2.73	3.13	1.05	3.64	0.5498692979	0.0122789133	0
195811	3.54	2.62	3.4	8.03	4.69	0.5358231981	0.0115349437	0.0034602076
195812	3.55	4.13	13.16	4.61	3.04	0.5117793198	0.0236868316	-0.0034482759
195901	1.92	0.79	0.41	-0.62	1.97	0.5028958179	0.0277362661	0.0034602076
195902	0.95	-0.04	5.01	3.86	1.68	0.4949461475	0.0278988473	-0.0034482759
195903	-0.63	0.75	1.11	4.26	-0.72	0.5168602815	0.0249843896	0
195904	5.6	2.54	6.76	11.92	2.07	0.4985971944	0.0243605696	0.0034602076
195905	3.87	1.79	2.29	-1.07	0.65	0.4830767797	0.0258872339	0
195906	1.25	-0.37	-1.01	6.59	1.41	0.4832193909	0.0268820744	0.0034482759
195907	5.24	4.06	0.55	4.74	0.17	0.4608226648	0.0271413721	0.0034364261
195908	1.53	-1.68	-1.21	-3.52	-2.21	0.4680844659	0.0281461307	0
195909	-3.45	-5.35	-2.82	-4.96	-4.07	0.4923378926	0.0305283913	0.0034246575
195910	0.84	1.26	3.43	2.38	0.18	0.4809774204	0.0310201805	0.0034129693
195911	1.02	1.22	4.76	5.62	-0.51	0.4717982949	0.0297223804	0
195912	3.65	2.67	3.79	-1.63	2.08	0.4577837965	0.0228563041	0
196001	-7.56	-7.09	-5.49	-6.35	-4.42	0.499502104	0.0221161675	-0.0034013605
196002	1.01	-0.09	6.67	0.27	0.01	0.4935567828	0.024037494	0.0034129693
196003	-2.65	-1.9	0.95	1.61	-2.33	0.549798083	0.02559341	0
196004	-0.41	-2.77	-0.14	1.68	-1.11	0.5634036895	0.0255771333	0.0034013605
196005	2.83	1.62	6.89	13.77	0.34	0.5419664269	0.0244143755	0
196006	2.76	2.92	0.69	-0.16	2.83	0.5291748619	0.0242699263	0.0033898305
196007	-1.32	-2.44	-2.45	-3.86	-1.52	0.5496732768	0.0257784868	0
196008	3.66	2.85	3.65	2.46	3.01	0.5415421972	0.0251955351	0
196009	-5.42	-5.07	-7.51	-8.71	-5.77	0.5843417106	0.028312467	0
196010	0.29	0.01	-1.77	-3.49	-0.85	0.5841202013	0.0278237978	0.0067567568
196011	4.73	4.25	5.76	4.04	6.74	0.5676300191	0.026034213	0
196012	2.24	4.81	7.19	6.22	4.17	0.5504229651	0.0227613608	0
196101	5.86	7.03	5.19	6.05	7.82	0.5229867325	0.0218153361	0
196102	5.44	3.64	1.78	5.19	5.66	0.5120227163	0.0194199043	0
196103	4.75	1.59	4.96	3.8	3.45	0.5466798694	0.0227375905	0
196104	-0.75	0.87	0.63	-0.3	0.51	0.5450044938	0.02325925	0
196105	3.08	2.98	1	2.28	4.21	0.5309162935	0.0224656554	0
196106	-1.07	-2.98	-3.65	-3.38	-3.87	0.5408211006	0.0224821258	0
196107	4.15	2.51	3.96	3.45	1.25	0.5244056311	0.0251796276	0.0067114094
196108	3.57	2.19	2.47	3.84	5.3	0.5137928161	0.0254259102	-0.0033333333
196109	2	-3.63	-1.18	-1.31	-1.82	0.5275167211	0.0249633869	0.0033444816
196110	3.7	2.66	1.91	3.52	2.28	0.5254858507	0.0258359089	0
196111	6.87	3.7	5.44	3.27	3.93	0.5126108647	0.0255706129	0
196112	-0.59	0.01	1.17	-2.02	-1.84	0.5059222584	0.0223242879	0
196201	-4.93	-2.4	-5.49	-4.62	-1.4	0.5284285714	0.0247213553	0
196202	-0.07	2.71	1.91	3.76	1.7	0.522420733	0.0287833809	0.0033333333
196203	-0.62	-0.22	-1.3	0.54	-1.85	0.5457245916	0.0240753041	0
196204	-5.28	-5.6	-8.06	-11.01	-7.12	0.5798626246	0.0251520924	0.0033222591
196205	-8.39	-7.89	-9.19	-10.9	-7.92	0.6289943915	0.0277223552	0
196206	-8.33	-7.21	-10.05	-12.59	-9.18	0.6873574686	0.0264554418	0
196207	6.32	5.74	9.21	7.78	5.72	0.6452260298	0.0304859039	0.0033112583
196208	2.87	2.44	2.47	-7.92	3.84	0.6333103516	0.0293292013	0
196209	-4.76	-3.92	-7.46	-4.05	-5.74	0.6663442606	0.0306014188	0.00330033
196210	-0.51	0.37	1.34	2.47	0.65	0.654153314	0.028094309	0
196211	9.81	11.09	10.74	17.59	14.88	0.5941783459	0.0248103304	0
196212	1.68	1.67	0.45	0.89	1.35	0.5916270511	0.0199678967	0
196301	5.66	4.74	4.88	5.65	5.24	0.5649849894	0.0171361081	0
196302	-2.45	-1.94	-3.08	-2.58	-0.37	0.5819531179	0.0132366197	0
196303	4.41	3.77	2.33	1.18	2.87	0.5875285706	0.0143800066	0.0032894737
196304	4.51	4.53	5.05	7.62	5.85	0.5587292741	0.0151992706	0
196305	4.6	1.18	1.78	-0.25	3.63	0.5516121932	0.0146483787	0
196306	-1.99	-1.12	-3.47	-1.09	-1.3	0.5672815754	0.0182630456	0.0032786885
196307	-0.47	0.23	-0.41	0.56	-1.63	0.5766216585	0.0093185742	0.0032679739
196308	6.02	5.04	4.62	9.56	5.46	0.5498272363	0.0095196222	0
196309	-0.4	-2.04	1.48	-4.06	-3.17	0.5472236248	0.010313262	0
196310	5.66	0.96	5.29	3.38	1.37	0.5309640772	0.0102799661	0.003257329
196311	-3.05	-0.43	2.39	-1.65	0.22	0.5342962213	0.0060125452	0
196312	1.02	2.84	1.1	1.54	2.8	0.5255914542	0.0089546781	0.0032467532
196401	1.36	3.06	3.18	3.68	1.23	0.5106068709	0.0142935238	0
196402	1.94	1.82	0.6	1.66	5.46	0.5011622966	0.0174078735	0
196403	1.88	2.05	0.79	-1.94	2.17	0.5236754417	0.0177831955	0
196404	1.43	0.6	-1.02	-1.42	0.29	0.5253031069	0.0207679582	0
196405	1.85	1.69	0.86	0.53	2.43	0.5190357804	0.0211792722	0
196406	1.64	1.1	3.03	0.59	1.38	0.5122068551	0.0205029394	0.003236246
196407	3.32	2.71	-1.91	4.76	1.34	0.5063607181	0.0213126047	0.0032258065
196408	0.65	-1.18	-2.02	-4.22	-3.11	0.5079429444	0.0206965832	-0.0032154341
196409	3.73	3.61	-0.15	2.73	4.09	0.4865371214	0.0204030634	0.0032258065
196410	0.59	1.3	-0.93	2.88	1.84	0.4878132588	0.0201157102	0
196411	0.25	0.85	-1.42	2.17	-1.78	0.4865037753	0.0191663907	0.0032154341
196412	0.92	-0.36	1.83	4.38	-1.75	0.4872273003	0.0230944256	0
196501	4.23	3.57	3.17	7.66	4.75	0.4717231907	0.0179028876	0
196502	0.44	0.24	1.38	2.42	2.53	0.4713994776	0.0148223569	0
196503	0.25	-1.58	-1.17	-0.92	-0.27	0.469489905	0.0191333633	0.0032051282
196504	6.19	2.34	3.51	2.98	2.2	0.4525593347	0.0147216866	0.0031948882
196505	-1.91	-0.21	1.79	-1.24	-1.72	0.4546642848	0.0162441642	0
196506	-6.2	-4.42	-4.81	-5.31	-6.96	0.4808589565	0.0175502789	0.0063694268
196507	1.21	1.77	1.28	3.95	3.39	0.4733821762	0.0156266107	0
196508	3.24	2.43	3.27	6.29	5.07	0.4673608778	0.0156003306	0
196509	3.31	3.5	2.93	2.24	1.83	0.4485374713	0.0168945537	0
196510	3.94	2.96	1.08	3.23	4.23	0.4344205991	0.0174633812	0.003164557
196511	-1.44	0.7	-1.03	3.8	3.87	0.4408953111	0.0207625782	0
196512	1.27	1.62	-1.19	3.83	3.48	0.4306378062	0.0208371829	0.0031545741
196601	-0.16	1.17	-0.02	2.74	5.26	0.4243983284	0.0202782971	0
196602	-1.28	-2.18	2.71	-1.55	2.07	0.4384960447	0.0200256306	0.0062893082
196603	-2.74	-1.61	-2.86	-1.6	-2.85	0.4901759356	0.0167876407	0.003125
196604	0.82	2.58	4.54	-0.02	3.04	0.4854982435	0.0156356731	0.0062305296
196605	-6.04	-4.54	-4.6	-5.26	-7.85	0.5127422037	0.0159449125	0
196606	-2.07	-1.5	0.16	0.99	0.73	0.5209746006	0.0171222618	0.0030959752
196607	-1.95	-0.71	-1.48	-1.72	-2.04	0.5349430008	0.0186405696	0.0030864198
196608	-7.14	-7.6	-5.33	-8.07	-11.72	0.5749546556	0.0214695363	0.0061538462
196609	-1.38	0.08	-1.27	-1.13	-1.85	0.5854924957	0.0169838677	0
196610	1.32	5.76	4.57	4.87	3.14	0.5616613181	0.0151835747	0.006116208
196611	-0.75	0.68	4	6.89	7.91	0.5726449298	0.0175491557	0
196612	-2	0.9	1.61	-0.17	2.08	0.5769451056	0.0172079259	0
196701	11.19	7.23	8.32	6.41	11.98	0.5333631411	0.0156977923	0
196702	0.89	0.26	4.3	1.42	-0.25	0.5400478931	0.017701209	0
196703	3.91	4.34	4.3	7.83	4.17	0.5495507979	0.0149216835	0.0030395137
196704	8.39	2.79	4.34	4.46	2.23	0.5305166936	0.0150463556	0.003030303
196705	-5.21	-3.38	-4.97	-5.29	-1.88	0.5582011823	0.0114646702	0.003021148
196706	2.4	1.52	4.79	5.38	3.77	0.553204845	0.0101533857	0.0030120482
196707	8.08	5.11	-0.45	3.79	7.87	0.5262983279	0.0066875347	0.003003003
196708	-0.14	-0.8	-1.11	0.66	-0.25	0.5280209478	0.0058418374	0.002994012
196709	3.78	2.85	5.59	2.89	1.36	0.5135648458	0.0056002036	0.0029850746
196710	-2.95	-3.61	1.74	-5.01	-5.17	0.5409552822	0.00371557	0.0029761905
196711	0.07	1.12	0.92	1.33	-0.39	0.5433826972	0.0027733318	0.0029673591
196712	2.23	4.25	1.48	1.62	5.53	0.5257924451	0.0143610729	0.0029585799
196801	-2.21	-3.72	-4.8	-6.57	-1.84	0.5563023835	0.0128541544	0.005899705
196802	-2.07	-3.31	-3.76	-4.24	-3.56	0.5662105889	0.0104507284	0.0029325513
196803	1.15	-0.06	2.19	0.1	-0.09	0.5668098065	0.0126771562	0.0029239766
196804	11.8	7.76	8.72	11.9	12.1	0.5223520642	0.00814016	0.0029154519
196805	2.36	2.16	2.27	3.34	6.25	0.5300333704	0.0106464132	0.0029069767
196806	-0.19	1.71	0.01	2.25	2.99	0.5307418133	0.0120900958	0.0057971014
196807	-3.77	-0.74	-3.81	-4.1	-2.76	0.5396375991	0.0138854348	0.0057636888
196808	1.99	1.97	0.78	0.68	2.82	0.5318021004	0.018035051	0.0028653295
196809	6.45	3.52	2.95	0.85	9.17	0.5091954391	0.0182870281	0.0028571429
196810	2.41	1.36	-2.19	-0.05	1.1	0.500320247	0.019410059	0.0056980057
196811	2.63	6.2	7.44	8.1	7.63	0.4837170585	0.0211886848	0.0028328612
196812	-3.21	-3.12	-5.82	-1.03	-3.75	0.5049006623	0.0319614907	0.0028248588
196901	-1.43	-0.15	-2.62	-0.23	0.88	0.5036731674	0.0365245731	0.0028169014
196902	-4.66	-5.35	-3.49	-5.14	-8.35	0.5263971896	0.0413174118	0.0056179775
196903	3.61	3.31	3.32	3.34	0.75	0.557040236	0.0395080918	0.0083798883
196904	1.85	0.78	5.25	4.98	1.81	0.5484224042	0.0442910344	0.0055401662
196905	0.53	0.72	-0.71	1.66	-1.11	0.5558044285	0.044005738	0.0027548209
196906	-6.26	-7.64	-1.54	-5.03	-10.67	0.5967773337	0.0451528579	0.0054945055
196907	-7.4	-6.45	-5.1	-2.73	-9.12	0.6390179896	0.0511609959	0.0054644809
196908	5.08	3.97	5.14	9.2	9.02	0.6227889856	0.0469148529	0.0054347826
196909	-0.24	-4.8	-1.21	2.17	-0.74	0.6408884625	0.0483913402	0.0027027027
196910	6.15	4.58	5.04	8.97	7.93	0.608768794	0.0486304206	0.0053908356
196911	-3.7	-4.12	-0.83	0.34	-5.54	0.6415117567	0.0479041363	0.0053619303
196912	-2.81	-1.66	-2.31	4.3	-3.75	0.6510820131	0.0342737833	0.0053333333
197001	-6.22	-7.89	-6.99	-7.11	-8.81	0.7003467462	0.034473208	0.0026525199
197002	5.3	5.58	4.62	5.57	9.39	0.670147507	0.035855217	0.0052910053
197003	1.04	0.12	-0.91	-5.1	-1.91	0.6903267691	0.0358415812	0.0052631579
197004	-9.95	-8.89	-12.38	-10.12	-13.7	0.7367505808	0.0357121248	0.0078534031
197005	-7.59	-4.56	-7.41	-7.74	-8.29	0.7742276283	0.0386610283	0.0025974026
197006	-3.09	-4.08	-10.51	-0.48	-6.83	0.7933814171	0.0422991826	0.0051813472
197007	9.11	7.89	5.42	2.14	8.02	0.7387075682	0.0430816344	0.0051546392
197008	5.1	5.16	5.79	1.8	5.03	0.7092782966	0.0387367292	0
197009	5.17	2.97	5.88	8.01	7.61	0.7129147605	0.0379495959	0.0051282051
197010	-1.02	-0.86	-3.61	0.31	-5.89	0.7176982835	0.0369697948	0.0051020408
197011	6.14	5.19	4.81	2.97	3.74	0.682920072	0.0352318942	0.0050761421
197012	6.41	6.04	5.31	5.34	8.37	0.6464263577	0.0314681737	0.0050505051
197101	5.42	3.73	7.03	4.92	7.79	0.6244099021	0.0305992921	0
197102	3.18	1.57	-0.27	1.31	2.22	0.6170704232	0.0258074728	0.0025125628
197103	4.76	3.45	5.46	3.68	5.94	0.6338113825	0.0264046828	0.0025062657
197104	5.36	3.04	1.84	4.23	4.34	0.6086541014	0.0265626273	0.0025
197105	-3.2	-3.21	-5.81	-2.13	-4.53	0.6314096562	0.0297284547	0.0049875312
197106	-0.1	1.24	-1.08	2.05	-1.32	0.6432210427	0.0272784983	0.0074441687
197107	-3.7	-3.67	-6.95	-2.17	-3.86	0.6677306245	0.0257963205	0.0024630542
197108	6.7	2.64	3.63	3.15	6.98	0.6382575968	0.0267819627	0.0024570025
197109	0.17	-0.86	-0.95	0.66	-0.42	0.6460848296	0.0279344169	0
197110	-4.31	-4.22	-3.52	-2.47	-4.21	0.6831942789	0.029243829	0.0024509804
197111	0.01	-0.71	1.31	0.69	-0.27	0.6894892583	0.0294519101	0
197112	8.88	9.36	10.02	7.79	8.22	0.6439002471	0.0340233587	0.0048899756
197201	2.12	1.8	5.97	2.63	3.36	0.6353569726	0.0330751166	0
197202	3.47	3	1.36	7.12	2.25	0.6175858985	0.0330297786	0.00486618
197203	2.16	-0.17	0.65	0.46	2.29	0.6459019879	0.0317231825	0.0024213075
197204	0.23	0.46	0.19	1.1	1.79	0.6367838016	0.0324918322	0.0024154589
197205	0.17	2.17	2.96	3.71	-0.63	0.6324423349	0.0306570665	0.0024096386
197206	-2.64	-1.78	-2.58	2.54	-4.51	0.6540154785	0.0341993895	0.0024038462
197207	-2.01	-0.03	0.89	3.1	-2.96	0.6570495491	0.0333250925	0.0047961631
197208	1.11	5.49	3.54	1.05	3.55	0.6304670395	0.0318487846	0.0023866348
197209	-1.38	-0.7	0.45	-0.43	-1.74	0.6373850011	0.0328697745	0.0023809524
197210	-0.53	2.52	-1.59	1.5	1.12	0.6358841259	0.0323534438	0.0047505938
197211	7	5.13	3.95	-0.53	5.12	0.5967334833	0.0309522498	0.0023640662
197212	1.36	0.51	1.81	3.73	-0.76	0.5956745946	0.0342034837	0.0023584906
197301	-5.26	-1.22	0.61	-1.18	-7.47	0.6081960321	0.0356473121	0.0023529412
197302	-5.6	-3.75	-3.54	-0.71	-6.09	0.6361837352	0.036299867	0.0070422535
197303	-3.14	0.37	-0.68	0.78	-0.29	0.6760181281	0.0367061493	0.0093240093
197304	-6.54	-2.89	-4.32	-5.48	-7.79	0.6977198485	0.0378332368	0.0069284065
197305	-2.89	-1.69	-2.01	1.07	-5.03	0.7132159617	0.0396022163	0.0068807339
197306	-3.89	-0.13	-0.17	0.02	-0.28	0.7209743078	0.0390133985	0.006833713
197307	8.5	3.29	3.15	6.87	9.59	0.6939766839	0.0373500626	0.0022624434
197308	-3.8	-2.31	-3.76	-6.91	-2.23	0.7243372354	0.0373887675	0.0180586907
197309	7	6.42	0.67	0.79	7.19	0.6788089959	0.0343612257	0.0022172949
197310	-3.41	1.2	0.52	1.83	-1.07	0.6720817914	0.0346603301	0.0088495575
197311	-16.3	-11.51	-8.29	-7.77	-13.44	0.7818789906	0.0387363392	0.0065789474
197312	-1.93	3.83	-1.34	-4.48	2.44	0.7555884634	0.0130073951	0.0065359477
197401	4.99	-1.73	1.52	-2.52	1.11	0.751446438	0.0116267491	0.0086580087
197402	-0.02	-0.49	1.32	-1.23	1.02	0.7470977188	0.0109186477	0.0128755365
197403	-1.73	-2.08	-3.43	1.21	-3.62	0.8151840129	0.0103999361	0.0127118644
197404	-3.26	-5.06	-4.27	-1.48	-6.4	0.8248580819	0.0096570612	0.0041841004
197405	-0.48	-4.14	-3.28	-0.12	-8.38	0.8604161213	0.0092465389	0.0125
197406	-1.95	-1.08	-1.77	-1.62	-5.51	0.8601587717	0.0080278099	0.0082304527
197407	-11.56	-4.23	-8.14	-14.06	-6.64	0.9112393224	0.0068395041	0.0081632653
197408	-10.04	-9.47	-3.09	-8.11	-10.62	1.0171239942	0.0065559147	0.012145749
197409	-12.31	-9.52	-11.89	-15.55	-9.58	1.1354401435	0.0051382625	0.012
197410	10.25	17.28	13.17	29.52	20.22	1.0370837841	0.0036391582	0.0098814229
197411	-4.68	-4.63	-4.17	-1.2	-2.76	1.115637022	0.0078154226	0.0078277886
197412	-2.45	-2.16	-2.48	-3.37	-4.35	1.1200181747	0.0087733076	0.0077669903
197501	21.74	12.4	13.5	-0.61	17.81	0.9808296267	0.0085111686	0.0038535645
197502	4.53	5.07	9.85	16.04	2.84	0.9339016305	0.0116529422	0.0076775432
197503	8.04	1.79	0.26	1.28	4.11	0.9724663152	0.0204679182	0.0038095238
197504	3.2	7.14	2.98	0.72	3.3	0.909489371	0.0224964867	0.0037950664
197505	4.13	6.35	4.98	6.48	5.69	0.8975236997	0.022953967	0.0056710775
197506	7.46	5.46	2.94	0.91	5.95	0.8498390198	0.0229618335	0.007518797
197507	-5.08	-5.16	-7.46	-12.03	-6.12	0.898365624	0.0256271466	0.0111940299
197508	-2.31	-0.96	-3.21	-3.34	-5.12	0.8942466541	0.0263645964	0.0018450185
197509	-2.84	-3.49	-1	-6.54	-6.3	0.9409482541	0.0279176358	0.0055248619
197510	9.81	3.45	7.78	10.68	3.91	0.8934979188	0.0258966511	0.0054945055
197511	3.99	1.66	4.73	5.12	3.56	0.8679284743	0.0246206801	0.0072859745
197512	-1.67	-0.52	-0.82	-6.36	-0.29	0.876338851	0.0237094285	0.0036166365
197601	11.75	12.83	14.98	7.78	12.93	0.7659338857	0.0218504892	0.0018018018
197602	2.2	-0.44	2.05	-6.52	3.12	0.7680365203	0.0222313689	0.0035971223
197603	2.5	2.72	2.1	6.52	1.94	0.7840312172	0.0150701473	0.0017921147
197604	-1.52	-0.04	-1.57	-4.31	-1.56	0.7860761398	0.0142384372	0.0035778175
197605	-3.59	0.8	-0.75	-2.81	-1.67	0.8035027635	0.0141463859	0.0071301248
197606	3.16	4.36	6.54	3.66	5.4	0.7814276312	0.0189231854	0.0053097345
197607	-0.45	-0.77	-0.98	-0.38	-0.06	0.7958238544	0.0188409486	0.0052816901
197608	0.29	-0.64	1.19	2.17	-1.14	0.8047322694	0.0206283658	0.0052539405
197609	2.15	3.04	2.41	3.62	0.94	0.7913632737	0.0237815187	0.0034843206
197610	-1.26	-2.73	-2.36	-3.75	-0.46	0.8120796327	0.02556797	0.0052083333
197611	1.86	0.55	2.24	-9.69	2.04	0.8272629379	0.0278942414	0.0017271157
197612	5.77	6.22	3.69	6.26	8.38	0.779973125	0.028565706	0.0034482759
197701	-4.97	-2.69	-2.34	-8.82	-4.15	0.8210652053	0.02959896	0.0051546392
197702	-2.23	-1.95	0	-0.21	-1.75	0.8368039982	0.0279694334	0.0102564103
197703	-2.43	-0.74	-0.44	-1.79	-0.11	0.8684299283	0.0303375593	0.0067681895
197704	0.24	1.47	-1.82	-5.2	2.16	0.8611500701	0.0311393585	0.0084033613
197705	-1.31	-1.16	-0.29	-1.88	-0.84	0.8882113369	0.0353156385	0.005
197706	4.87	4.7	5.38	9.04	5.34	0.8711120812	0.0319412841	0.0066334992
197707	-0.42	-2.12	-0.45	-2.24	-0.36	0.8967833991	0.0331820207	0.0049423394
197708	1.05	-3.07	-0.62	3.79	-1.24	0.9265342604	0.0337507391	0.0032786885
197709	0.44	0.18	0.29	-0.84	-0.08	0.9422625161	0.0323679755	0.0032679739
197710	-3.64	-3.87	-3.95	-1.68	-4.43	0.9753772836	0.0327754954	0.003257329
197711	3.97	3.97	4.01	6.02	6.46	0.9620344703	0.029217127	0.0048701299
197712	-0.6	0.94	2.31	0.59	0.64	0.9603330245	0.0304755411	0.0032310178
197801	-6.25	-5.98	-4.5	-1.86	-5.32	1.0367310889	0.0288143894	0.0064412238
197802	0.05	-1.6	-0.48	-3	-0.16	1.0755672937	0.0311691409	0.0064
197803	4.38	2.97	0.68	4.16	5.43	1.1114925531	0.0275697476	0.0079491256
197804	8.93	7.63	8.97	9.2	9.33	1.0053504037	0.0229459889	0.0078864353
197805	2.05	2.48	0.83	5.25	2.55	1.0014156386	0.0165594591	0.0093896714
197806	-1.57	-1.79	-0.81	1.1	-0.27	1.0279015813	0.0165234648	0.0108527132
197807	4.33	5.4	5.75	8.87	6.57	0.9762603361	0.0146714141	0.0076687117
197808	4.15	3.6	5.09	1	6.35	0.9600602176	0.0120250518	0.00456621
197809	-1.06	0.37	-2.16	-2.75	-1.25	0.9722575131	0.012726385	0.0075757576
197810	-12.17	-10.36	-8.39	-12.84	-14.07	1.0622752224	0.0143756625	0.0090225564
197811	1.86	4.06	4.25	5.18	2.51	1.053527402	0.0141137586	0.0044709389
197812	0.35	1.46	3.93	3.42	1.31	1.0457012956	0.014874873	0.0044510386
197901	4.85	5.25	4.06	1.42	6.07	1.0030742833	0.0144498818	0.0088626292
197902	-3.76	-2.26	-2.29	-4.52	-3.27	1.0407754507	0.0122924822	0.0117130307
197903	5.39	7.04	4.75	5.05	8.18	1.0330789394	0.0117314337	0.010130246
197904	1.23	0.83	-0.57	0.42	1.55	1.0418762428	0.0116311825	0.0114613181
197905	-1.68	-1.66	-1.23	-2.64	-0.07	1.0831418044	0.0142453913	0.0127478754
197906	3.09	5.76	1.02	4.83	6.99	1.0578636072	0.0121279927	0.0111888112
197907	1.8	1.95	-1	0.14	3.3	1.0523144538	0.009737203	0.0110650069
197908	7	6.68	4.31	8.54	5.84	1.0034586483	0.0116042572	0.0095759234
197909	-0.86	1.45	-1.99	-0.54	-0.68	1.0137949874	0.0094391713	0.0108401084
197910	-8.55	-5.84	-6.76	-4.34	-10.15	1.0919455682	0.0102475283	0.0080428954
197911	2.48	7.01	6.66	8.75	7.01	1.0831154618	0.0108146796	0.0093085106
197912	3.26	2.79	0.6	2.08	4.14	1.061950068	0.0105492993	0.0105401845
198001	4.21	9.04	4.07	-1.29	5.5	1.016954958	0.0112974707	0.0143415906
198002	-5.26	3.74	-2.87	-4.63	-3.33	1.0319299303	0.0108271852	0.0141388175
198003	-8.44	-13.81	-9.33	-2.84	-12.24	1.0937321031	0.0118773964	0.0152091255
198004	3.08	6.16	3.07	4.28	6.05	1.0518199398	0.015346805	0.0112359551
198005	7.66	4.98	4.89	6.96	8.11	1.0100487748	0.0150518225	0.0098765432
198006	2.75	4.25	1.69	0.21	5.16	0.990183427	0.0153043513	0.011002445
198007	9.71	4.86	10.2	8.89	6.64	0.9188299192	0.0201540079	0
198008	1.61	2.18	4.56	0.3	2.67	0.9215196389	0.0199498051	0.0072551391
198009	0.69	4.26	0.79	3.6	3.64	0.9216876515	0.0237960484	0.0084033613
198010	-0.85	4.09	0.23	-1.29	1.56	0.9295936138	0.0227691948	0.0095238095
198011	2.63	15.98	6.67	8.81	7.38	0.8651619788	0.0219492827	0.008254717
198012	-0.34	-6.56	-0.63	4.61	-0.72	0.8915030239	0.026816359	0.0093567251
198101	0.32	-6.18	-4.28	-1.57	-2.56	0.9072386965	0.0286954236	0.0081112399
198102	3.7	1.32	1	1.85	1.71	0.8818157565	0.0300093719	0.0103448276
198103	8.64	1.65	3.83	5.87	8.45	0.9249205574	0.0279393407	0.0068259386
198104	1.89	-3.97	1.97	3	0.93	0.9305938361	0.027352052	0.006779661
198105	2.73	-1.56	5.14	3.47	2.52	0.9362238467	0.028844656	0.0078563412
198106	-1.77	1.87	-5.16	-5.58	-0.97	0.9504749816	0.0278934748	0.008908686
198107	-2.1	2.65	-2.45	-3.89	-2.69	0.9749669236	0.0255902546	0.0110375276
198108	-5.92	-5.72	-5.15	-7.75	-5.49	1.0533540563	0.0269917876	0.0076419214
198109	-2.89	-9.14	-1.62	-1.33	-5.46	1.0923786442	0.0214833694	0.0097508126
198110	4.14	6.58	5.46	7.95	7.15	1.0890856841	0.0148971076	0.0021459227
198111	2.68	5.69	1.93	3.93	5.08	1.0444554433	0.0156728254	0.0032119914
198112	-1.35	-3.85	-0.53	-0.75	-3.74	1.0611428571	0.0119096731	0.0032017076
198201	-0.02	-5.06	2.03	1.45	-3.25	1.0658936976	0.010700506	0.0031914894
198202	-1.8	-6.94	-5.39	-1.8	-3.92	1.1262873155	0.0105061086	0.0031813362
198203	3.33	-1.79	-1.63	-2.58	-1.3	1.1857505743	0.0055484327	-0.0010570825
198204	5.7	3.75	4.71	7.34	3.71	1.1499834976	0.0029236858	0.0042328042
198205	-2.68	-1.11	-3.98	-3.05	-5.47	1.1904238963	-0.0009581844	0.009483667
198206	2.36	-4.04	-2.4	-0.73	-2.43	1.2015814171	0.0012130304	0.012526096
198207	-0.25	-4.47	1.43	0.81	-3.02	1.2065298046	-0.0115518915	0.0051546392
198208	11.45	11.97	12.13	12.38	11.33	1.082424471	-0.0028576304	0.0020512821
198209	3.49	0.48	1.14	1.34	4.16	1.0885355649	0.0005507087	0.0020470829
198210	14.22	8.59	14.06	8.34	15.69	0.983745412	0.0065578321	0.0030643514
198211	7.95	1.03	9.22	5.24	7.61	0.9387268109	0.0009581552	-0.0020366599
198212	0.4	3.04	1.51	0.54	-1.31	0.9322147266	0.0029900535	-0.0040816327
198301	1.49	4.3	9.55	1.48	2.85	0.9069443153	0.0021947601	0.0020491803
198302	5.16	2.05	2.42	2.78	4.61	0.8768492387	0.0003558813	0.0010224949
198303	5.44	3.01	0.69	4.61	4.96	0.7800677858	0.0059935424	0
198304	8.39	7.07	6.81	5.1	8.23	0.7188876203	0.0066268443	0.0071501532
198305	-0.76	1.96	1.59	-2.7	2.46	0.7345955766	0.0104289126	0.0060851927
198306	6.08	2.88	4.49	6.87	1.59	0.721382042	0.015826551	0.0030241935
198307	-3.14	-1.74	-5.29	-5.6	-3.67	0.7350611231	0.0253802086	0.0040201005
198308	-2.23	3.07	-0.21	-1.08	-0.68	0.7248223918	0.0194746307	0.003003003
198309	3.72	0.3	2.17	1.29	1.63	0.714847583	0.023142101	0.00499002
198310	-0.56	-1.13	-6.43	-2.15	-4.03	0.7194743715	0.0247073949	0.002979146
198311	3.54	2.35	2.51	-3.03	4.68	0.6908198931	0.0266006322	0.001980198
198312	-1.6	-0.61	-0.14	-3.58	-0.86	0.7003591178	0.0270204799	0.0009881423
198401	-3.84	1.93	-3.39	-0.61	-1.67	0.7221976437	0.0306992598	0.005923001
198402	-5.4	-2.34	-5.28	-1.99	-4.89	0.763448031	0.0266630916	0.0049067713
198403	1.13	1.41	0.05	-0.69	2.45	0.7624754269	0.0240667404	0.001953125
198404	0.62	1.41	0.3	2.29	-2.09	0.7586589793	0.0226438618	0.0048732943
198405	-4.22	-4.55	-4.94	-6.48	-6.86	0.803910033	0.0214737726	0.0029097963
198406	5.49	0.73	4.8	3.83	2.24	0.7843518191	0.0012640164	0.002901354
198407	0.1	-3.12	-0.48	-3.84	-1.8	0.7963919375	-0.0019029452	0.0038572806
198408	9.51	11.66	11.4	10.26	11.16	0.7254283801	-0.0031377994	0.0038424592
198409	0.43	0.49	-1.09	-4.41	2.26	0.7360509153	-0.0094925469	0.004784689
198410	0.87	-0.52	-1.63	1.6	0.73	0.7356424655	-0.0135284804	0.0028571429
198411	-1.72	-0.3	-2.25	-0.03	-0.31	0.7470519959	-0.0218772065	0
198412	2.45	1.43	3.52	2.79	3.71	0.7330983765	-0.0271967866	0
198501	9.21	6.46	9.76	8.28	9.79	0.6902554458	-0.0299050052	0.0018993352
198502	2.05	2.14	0.41	3.59	2.16	0.6917391609	-0.0245189175	0.0047393365
198503	0.05	0.57	-2.05	3.01	-0.15	0.7236457791	-0.0248157693	0.0037735849
198504	-1.69	0.92	-2.44	-1.73	1.47	0.7286615901	-0.022411793	0.0046992481
198505	8	4.18	5.11	9.59	6.36	0.6968929839	-0.0254809306	0.0037418148
198506	1.99	1.35	1.54	2.29	2.95	0.6864301439	-0.0266075139	0.0027958993
198507	-1.82	0.35	1.72	-0.4	-0.15	0.6803220899	-0.024638663	0.0018587361
198508	-0.63	0.3	-1.65	-0.8	-0.46	0.687176258	-0.0242274732	0.0018552876
198509	-2.65	-3.51	-4.59	-3.89	-4.92	0.6899588298	-0.0312943542	0.0027777778
198510	4.03	4.84	3.35	3.19	6.37	0.6670256347	-0.0270693422	0.0036934441
198511	8.64	4.8	8.29	9.78	7.41	0.622703158	-0.027715873	0.0027598896
198512	5.56	2.46	7.69	3.48	4.5	0.5926926882	-0.0194650815	0.0027522936
198601	1.8	-0.13	-1.26	1.14	3.54	0.5835173999	-0.0191717774	0.0027447392
198602	9.7	6.95	5.62	6.08	8.34	0.5363767217	-0.0179142569	-0.0027372263
198603	8.22	4.11	0.96	12.05	5.76	0.5196276277	-0.0164196221	-0.0045745654
198604	-0.71	-1.72	3.51	0.72	-2.65	0.5297144587	-0.0245847833	-0.0018382353
198605	7.79	4.91	2.01	7.24	4.67	0.5035407708	-0.0218719553	0.0027624309
198606	3.54	0.67	-1.34	5.67	1.53	0.4992814574	-0.0122932373	0.0055096419
198607	-7.97	-3.63	-6.76	-5.36	-6.43	0.5323014009	-0.0112860333	0
198608	3.44	8.91	6.94	4.01	6.92	0.497803344	-0.0096769523	0.001826484
198609	-9.28	-6.09	-7.77	-12.57	-8.81	0.5346292671	-0.0051386604	0.0045578851
198610	7.75	5.06	1.87	7.93	4.26	0.5032458023	-0.0080245039	0.000907441
198611	2.15	2.27	3.66	1.35	-0.61	0.4936710845	-0.0021244383	0.0009066183
198612	-4.05	-1.94	-3.69	-1.25	-2.54	0.4984308658	-0.0113759993	0.0009057971
198701	14.59	12.91	12.91	13.16	11.17	0.4378973513	-0.0058406587	0.0063348416
198702	6.49	1.42	6.63	11.28	4.69	0.4249119825	-0.0045059361	0.0035971223
198703	2.25	4.2	2.33	0.15	-0.29	0.4280402137	-0.0022174302	0.0044802867
198704	-1.28	-1.66	2.51	-2.46	-4.1	0.4314718592	0.0044930045	0.005352364
198705	0.51	0.64	1.09	1.23	-0.02	0.4304908862	0.0069409582	0.0035492458
198706	5.64	4.87	1.87	4.76	4.62	0.4078923974	0.0052024616	0.0035366932
198707	6.08	4.19	2.61	5.75	3.61	0.3835432162	0.0018821969	0.0026431718
198708	4.09	2.67	6.65	2.2	4.33	0.37045382	0.0019974361	0.0052724077
198709	-4.32	-1.3	-0.88	-2.55	-1.79	0.3799667216	0.0063503319	0.0052447552
198710	-25.02	-20.81	-21.43	-20.46	-23.6	0.4948508425	0.0104777401	0.0026086957
198711	-8.29	-5.91	-9.48	-9.31	-6.6	0.538027324	0.0098984399	0.0008673027
198712	8.13	7.19	9.04	5.34	5.43	0.5088120155	0.013274756	0
198801	4.23	4.65	1.89	6.37	6.4	0.5037738354	0.0084227445	0.0025996534
198802	7.54	4.27	5.12	4.2	4.31	0.4761973721	0.0087922636	0.0025929127
198803	-2.02	-0.73	-4.35	-2.55	-1.33	0.5075299538	0.0060800302	0.0043103448
198804	1.28	1.95	1.88	-1.99	-0.38	0.4964744899	0.0050636719	0.0051502146
198805	-0.28	0.51	-0.04	-0.26	0.96	0.4967702548	0.0013473054	0.0034158839
198806	5.75	3.94	7.01	2.68	6.03	0.4711188723	-0.0053979214	0.0042553191
198807	0.26	-0.53	-2.95	0.49	-0.52	0.4739915349	-0.0028231284	0.0042372881
198808	-2.3	-2.77	-5.97	-1.08	-0.91	0.4966406615	-0.0062397522	0.0042194093
198809	6.56	1.84	4.86	3.86	4.14	0.4775404537	-0.0100015137	0.0067226891
198810	4.99	1.38	1.28	1.22	0.01	0.4695971889	-0.0104624725	0.0033388982
198811	-1.68	-1.32	-1.53	-2.16	-2.13	0.4771791101	-0.0077649556	0.0008319468
198812	2.21	2.32	3.34	1.83	0.91	0.465283574	-0.0214057475	0.0016625104
198901	6.25	6.15	7.96	6.8	6.88	0.4307694935	-0.0223605106	0.0049792531
198902	-1.83	-1.84	-2.57	-1.15	-0.38	0.4467784572	-0.024823372	0.0041288192
198903	3.3	1.7	-0.24	4.96	3.41	0.4686914136	-0.0231021339	0.0057565789
198904	4.74	4.35	7.42	5.41	4.64	0.4444352572	-0.0228019666	0.0065412919
198905	4.8	3.81	4.16	3.43	4.2	0.4334415257	-0.0280362535	0.0056864338
198906	0.15	-0.95	-1.58	-2.74	0.93	0.440562937	-0.0239366405	0.0024232633
198907	9.74	6.29	6	13.89	8.14	0.404035089	-0.0285255915	0.0024174053
198908	0.96	3	1.69	0.37	3.41	0.3927270602	-0.0248117061	0.001607717
198909	-1.87	-0.95	0.9	2.38	1.42	0.3992097504	-0.0257365885	0.0032102729
198910	-3.63	-2.03	-3.07	0.39	-4.85	0.4064149288	-0.0243398197	0.0048
198911	1.1	3.31	0.38	4.53	-0.02	0.3972257018	-0.0270221107	0.002388535
198912	0.87	4.11	2.9	1.05	-1.5	0.3904547436	-0.0123231067	0.0015885624
199001	-7.42	-5.53	-8.57	-7.37	-8.83	0.4149713959	-0.0137919369	0.0103092784
199002	1.32	2.14	1.58	-2.06	2.54	0.4091730897	-0.0116257085	0.0047095761
199003	4.57	1.72	4.31	3.86	-0.31	0.4713339564	-0.0102754607	0.00546875
199004	-1.48	-3.56	-2.81	0.29	-3.47	0.480284256	-0.0101328264	0.0015540016
199005	9.88	6.97	10.8	12.76	9.05	0.4435699735	-0.0019611745	0.0023273856
199006	1.26	-0.69	-3.11	4.44	-1.56	0.4429494323	-0.0004741595	0.0054179567
199007	-2.44	2.43	-5.94	2.59	-3.46	0.4392124466	0.004918902	0.0038491147
199008	-10.16	-7.95	-11.34	-6.82	-11.41	0.4880735629	0.0014768042	0.009202454
199009	-6.58	-4.32	-2.41	-4.35	-9.98	0.520289666	0.0013916129	0.0083586626
199010	-0.3	-0.5	-0.01	1.43	-6.36	0.5224519209	-0.0004517504	0.006028636
199011	7.65	4.49	6.59	9.45	10.64	0.4985056551	0.0009277803	0.002247191
199012	3.48	1.93	2.84	2.75	5.45	0.4844968599	-0.0018284693	0
199101	6.97	2.33	6.92	4.53	7.48	0.4663077997	0.0006487724	0.0059790732
199102	9.43	6.34	4.89	9.85	9.7	0.4427204408	0.0011789768	0.0014858841
199103	5.82	1.41	1.54	5.43	3.06	0.4571255997	0.003262045	0.0014836795
199104	0.01	0.86	-0.89	-1.12	1.3	0.4612395987	0.0057407705	0.0014814815
199105	6.28	3.44	1.03	4.61	4.99	0.4399669694	0.0067987809	0.0029585799
199106	-4.59	-3.69	-5.38	-4.16	-5.21	0.458243743	0.0140821721	0.0029498525
199107	4.89	3.82	3.91	8.44	4.69	0.4403567816	0.0146768432	0.0014705882
199108	3.92	2.25	1.84	2.86	3.1	0.4376396373	0.0171761329	0.0029368576
199109	-3.19	-0.55	-0.38	-0.4	-0.56	0.441531837	0.0229915359	0.0043923865
199110	-1.28	1.59	2.05	6.64	2.33	0.4340034538	0.0252184874	0.0014577259
199111	-1.52	-4.35	-4.65	-2.55	-5.37	0.4601544903	0.0303835153	0.0029112082
199112	13.35	7.55	9.47	16.47	12.6	0.4203444173	0.0315377294	0.0007256894
199201	-0.54	-0.91	2.03	-5.55	2.11	0.4132296785	0.0316649252	0.0014503263
199202	2.77	0.71	1.46	-2.59	3.15	0.4076305252	0.0332842419	0.0036205648
199203	-1.22	-1.43	-3.23	-5.46	-2.15	0.4021060342	0.0416282636	0.0050505051
199204	-0.16	4.37	2.69	-2.15	0.52	0.3873034718	0.0383939214	0.0014357502
199205	0.53	1	-0.82	1.08	1.53	0.3829985163	0.0370813555	0.0014336918
199206	-1.94	-2.48	-1.54	-4.68	-0.01	0.3920423538	0.0429366245	0.0035790981
199207	3.84	4.41	4.16	5.72	3.2	0.3833486997	0.0413610108	0.0021398003
199208	-0.87	-1.41	-2.8	-3.31	-3.41	0.3994050369	0.0428274632	0.0028469751
199209	2.17	1.18	2.57	-4.9	3.46	0.3976569721	0.0411349836	0.0028388928
199210	1.31	-0.48	0.78	3.32	2.96	0.4032511778	0.04097304	0.0035385704
199211	5.62	1.45	5.33	4.87	6.02	0.3936264585	0.0378707236	0.0014104372
199212	0.65	1.86	2.74	-1.4	3.83	0.3941096142	0.03871373	-0.0007042254
199301	0.66	1.16	2.99	-6.77	3.28	0.3930481045	0.0416392231	0.0049330514
199302	-1.63	3.71	2.65	-8.94	0.42	0.3859601969	0.0406155681	0.0035063114
199303	1.8	2.55	2.74	0.81	3.9	0.3336135264	0.0369950189	0.0034940601
199304	-7.37	0.19	-3.27	1.31	-3.22	0.334349806	0.039700073	0.0027855153
199305	3.79	1.64	6.46	3.61	1.71	0.3248824215	0.040144274	0.0013888889
199306	-1.13	0.39	2.1	-2.93	2.21	0.3259312476	0.0410478926	0.0013869626
199307	-0.52	0.58	-0.87	-5.99	2.06	0.3237770308	0.0409002052	0
199308	3.59	3.67	5.92	3.06	3.46	0.3138649833	0.0401659711	0.0027700831
199309	-0.8	-0.85	0.4	0.92	1.69	0.3223518215	0.0417473699	0.0020718232
199310	5.67	0.69	2.1	6	-2.28	0.3113628329	0.0403809173	0.0041350793
199311	0.7	-2.09	-3.08	1.11	-2.8	0.3110794108	0.0438535951	0.0006863418
199312	0.42	2.52	1.29	2.49	2.61	0.3052672229	0.0457468047	0
199401	1.15	3.42	3.41	1.92	4.42	0.2880585672	0.0436888228	0.0027434842
199402	-0.45	-2.1	-1.78	-5.55	-3.9	0.2990588209	0.0450599942	0.0034199726
199403	-4.66	-4.13	-3.82	-6.72	-4.3	0.3074838051	0.0419154208	0.0034083163
199404	0.56	1.41	-0.21	2.4	1.25	0.3036647862	0.0398625296	0.0013586957
199405	-1.79	0.2	1.89	4.37	3	0.2974694757	0.0396573234	0.0006784261
199406	-2.4	-2.71	-2.46	-3.69	-2.64	0.3084170767	0.0340103517	0.0033898305
199407	2.15	4.39	3.55	1.04	2.65	0.2969853808	0.0312202246	0.0027027027
199408	4.45	2.86	5.35	10.71	3.47	0.2856838193	0.0287150331	0.0040431267
199409	-1.88	-1.96	-0.77	1.73	-4.23	0.2909046586	0.0290133768	0.0026845638
199410	1.24	2.26	3.89	0.88	0.15	0.2860712737	0.0260096682	0.000669344
199411	-2.87	-4.23	-3.59	0.43	-5.18	0.2989926143	0.0229246163	0.0013377926
199412	-0.08	2.17	1.81	0.52	1.47	0.2915683	0.016595794	0
199501	0.62	1.06	1.31	6.15	4.72	0.2908537344	0.0150940789	0.004008016
199502	3.15	4.32	4.47	2.24	4.86	0.2787300356	0.0145332524	0.003992016
199503	2.87	2.86	2.72	2.69	1.98	0.3138765419	0.0143978171	0.0033134526
199504	0.34	2.72	5.52	3.07	1.61	0.3019947008	0.0130130966	0.0033025099
199505	3.92	3.91	2.11	1.63	4.47	0.2922642542	0.0107377325	0.0019749835
199506	2.86	0.43	7.48	4.46	2.15	0.2864296179	0.0082679174	0.0019710907
199507	2.42	2.52	6.87	5.31	4.87	0.2771603672	0.0070594239	0
199508	-0.74	-0.28	1.54	1.04	3.72	0.2830461347	0.0091202057	0.0026229508
199509	3.85	2.78	2.92	7.46	4.57	0.2724949976	0.0063774144	0.0019620667
199510	-2.84	-1.38	0.85	1.15	-2.05	0.2744202453	0.0122208099	0.0032637076
199511	5.31	5.16	0.64	4.95	6.17	0.2571688515	0.0168725256	-0.0006506181
199512	0.95	3.12	-1.06	5.93	1.13	0.2550263829	0.0155268465	-0.0006510417
199601	1.63	2.26	2.11	5.95	3.52	0.2418771721	0.0161312454	0.0058631922
199602	3.39	0.26	2.95	-1.07	2.23	0.2378947371	0.0168058204	0.003238342
199603	2.57	3.07	-2.84	0.24	1.7	0.2392996154	0.0168959567	0.0051646223
199604	2.31	1.28	7.22	-0.6	0.19	0.2400758062	0.0211307237	0.0038535645
199605	4.95	1.75	2.46	3.93	1.58	0.2369235155	0.0263978812	0.0019193858
199606	-0.07	0.82	-3.01	-0.19	-0.25	0.2364437252	0.0271956085	0.0006385696
199607	-5.46	-4.47	-7.88	-6.06	-4.32	0.2418198938	0.0311141679	0.0019144863
199608	2.46	3.12	2.54	4.19	3.91	0.2380611179	0.0308658156	0.001910828
199609	3.39	4.71	7.52	7.34	5.07	0.2272973181	0.0295555316	0.0031786395
199610	-0.1	2.9	-1.08	-0.68	3.96	0.2217476558	0.0256276826	0.0031685678
199611	4.5	5.38	10	6.66	7.53	0.2050079191	0.0220406929	0.0018951358
199612	-1.66	-0.04	-0.96	-2.66	-1.8	0.2073427297	0.0241008722	0
199701	3.12	3.72	7.18	9.55	6.04	0.1962401029	0.0243801339	0.0031525851
199702	3.09	-0.95	-4.55	0.94	2.6	0.1943954108	0.0228851457	0.0031426776
199703	-3.52	-1.56	-6.2	-7.4	-5.89	0.2147802023	0.0211198386	0.0025062657
199704	3.6	3	6.44	6.16	5.23	0.2017410478	0.0169161089	0.00125
199705	6.07	7.1	9.11	6.91	6.25	0.1928785879	0.0132653849	-0.0006242197
199706	4.14	3.98	2.04	8.89	5.37	0.184287615	0.0108474777	0.0012492192
199707	5.65	6.61	12.08	2.06	9.23	0.171964943	0.0116078543	0.0012476606
199708	-3.74	-3.6	-1.56	-6.14	-4.79	0.1855054038	0.0128921891	0.0018691589
199709	5.37	4.23	5.08	6.61	7.91	0.177967857	0.0146506387	0.0024875622
199710	-2.78	-3.99	-5.27	0.26	-2.63	0.1900006773	0.0162805348	0.0024813896
199711	4.86	2.64	4.03	2.86	3.02	0.1807462988	0.0156862396	-0.0006188119
199712	2.17	0.66	-1.47	3.55	5.34	0.1788008842	0.0155787276	-0.0012383901
199801	-0.9	-1.59	5.12	5.73	-2.12	0.1788402734	0.0137581612	0.0018598884
199802	8.26	6.38	7.87	5.45	8.19	0.1654630971	0.0120735181	0.0018564356
199803	6.14	5.14	3.96	3.61	5.79	0.181140396	0.0165051128	0.0018529957
199804	-1.38	1.27	2.42	1.92	1.82	0.1758729222	0.0164262189	0.0018495684
199805	2.42	-2.65	-5.3	-2.47	-3.01	0.1791022057	0.0190980686	0.0018461538
199806	3.92	-0.27	6.99	6.18	3.13	0.178060606	0.0240305882	0.0012285012
199807	-3.25	-5.94	1.52	-0.22	-1.71	0.1794381089	0.0253622873	0.0012269939
199808	-14.44	-10.86	-15.72	-12.26	-21.36	0.2114320916	0.0285296741	0.0012254902
199809	1.42	4.69	13.51	12	2.68	0.2032484042	0.0240925221	0.0012239902
199810	10.82	6.4	6.5	3.85	8.98	0.1855190768	0.0207492147	0.0024449878
199811	7.59	2.48	9.14	6.18	6.2	0.1748468445	0.0220123421	0
199812	4.83	1.62	14.97	5.02	3.6	0.1736113154	0.0200632552	-0.0006097561
199901	0.4	-1.85	13.22	0.24	1.11	0.1703206191	0.0155939946	0.0024405125
199902	-2.75	-2.49	-9.03	0.23	-0.01	0.1712768096	0.0184543721	0.0012172855
199903	0.5	5.78	5.78	2.55	2.41	0.1728971707	0.0206772204	0.0030395137
199904	2.94	10.37	4.04	-5.54	6.77	0.1568258764	0.0251891382	0.0072727273
199905	-1.6	-1.72	-0.18	-2.05	-3.52	0.1602311354	0.025905064	0
199906	4.01	1.82	10.04	4.49	3.24	0.1542274468	0.0188750654	0
199907	-4.16	-0.43	-1.75	-4.44	-6.06	0.1587964727	0.0194361999	0.0030084236
199908	-4.68	0.28	1.71	3.72	-5.12	0.1562430269	0.0189540177	0.0023995201
199909	-2.83	-3.28	1	-7.09	-4.39	0.1636844982	0.0204568067	0.0047875524
199910	4.62	2.72	4.85	10.78	11.42	0.1576906607	0.0205190335	0.0017867778
199911	1.46	-0.91	10.59	1.5	-2.25	0.1555459671	0.0183527546	0.0005945303
199912	2.78	6.31	16.58	-5.64	1.43	0.1471672594	0.0179602357	0
200001	-7.88	-4.61	-4.56	7.56	-4.64	0.15465416	0.0254341626	0.0029708853
200002	-5.17	-4.89	13.27	-2.88	-6.98	0.1670564326	0.0274972755	0.0059241706
200003	10.99	8.8	4.64	0.28	14.12	0.1499735618	0.0183618948	0.0082449941
200004	-1.93	1.21	-10.14	5.25	-3.41	0.1526004182	0.0120233177	0.0005841121
200005	-0.53	1.4	-10.76	3.94	3.46	0.1556687311	0.0092578277	0.0011675423
200006	-1.33	-2.48	11.33	11.52	-2.81	0.1567779616	0.0072026759	0.0052478134
200007	-0.05	-0.38	-5.6	-6.16	5.55	0.155674151	0.004733518	0.0023201856
200008	-1.55	8.27	10.08	3.58	9.08	0.146053064	0.0046892158	0
200009	2.27	-0.6	-13.18	3.72	0.36	0.1537894629	0.0044836473	0.0052083333
200010	2.02	1.17	-6.02	2.6	-1.07	0.1493007889	0.0037577274	0.0017271157
200011	-0.78	-2.27	-21.84	0.79	-5.95	0.1572808929	0.0011692937	0.0005747126
200012	5.17	7.21	-7.2	3.53	7.18	0.1518515036	-0.0022506275	-0.0005743825
200101	3.98	-2.87	16.06	-8.94	0.05	0.1504496662	-0.003181855	0.0063218391
200102	-3.03	-1.4	-22.62	-0.5	-4.38	0.1560700913	-0.0068447052	0.0039977156
200103	-3.54	-3.82	-11.68	-8.44	-4.11	0.1331135514	-0.0052002182	0.0022753129
200104	4.19	8.47	13.98	3.99	5.78	0.1224969006	-0.002542961	0.0039727582
200105	1.83	1.56	-2.86	3.03	3.75	0.120510188	-0.0002489117	0.004522329
200106	-1.63	-5.74	0.43	-2.85	0.03	0.1252094328	0.0050470935	0.0016882386
200107	2.72	-1.22	-5.79	2.3	-2.27	0.1249665833	0.0079149459	-0.0028089888
200108	-4.01	-1.95	-11.72	-3.11	-5.33	0.1321641438	0.0099196201	0
200109	-7.54	-9.49	-14.33	-0.59	-8.3	0.1486285882	0.0086679553	0.0045070423
200110	1.36	3.61	7.69	1.18	-0.58	0.1449013996	0.0107491048	-0.003365115
200111	7.35	2.81	13.29	5.04	7.92	0.1334813667	0.0111616549	-0.0016882386
200112	3.16	3.81	0.25	-2.88	3.3	0.1312178459	0.0134669755	-0.003945885
200201	2.47	-0.7	-2.26	-2.36	-2.92	0.1325605487	0.0111937534	0.0022637238
200202	1.77	3.69	-10.56	-0.51	-0.52	0.1301190857	0.0125018451	0.0039525692
200203	3.05	6.63	4.8	0.46	5.43	0.2368334023	0.0137617687	0.005624297
200204	0.4	-2.1	-12	-7.59	-3.74	0.2477323126	0.0151107011	0.0055928412
200205	-0.13	-1.53	-2.06	-2.23	-0.39	0.2482556141	0.0222857205	0
200206	-5.6	-2.8	-12.79	-9.6	-5.38	0.2665725018	0.027526749	0.0005561735
200207	-9.57	-10.14	-10.2	-2.55	-6.41	0.2820321945	0.0284506035	0.0011117287
200208	2.03	0	-0.55	0.66	1.14	0.284411556	0.0247145618	0.0033314825
200209	-8.82	-8.67	-14.69	-5.86	-10.7	0.3245551555	0.0292450837	0.0016602103
200210	4.86	2.96	19.98	5.69	6.38	0.2934370638	0.025638996	0.0016574586
200211	1.27	4.64	14.88	3.7	4.61	0.2769754993	0.0228760544	0
200212	-4.14	-1.33	-11.92	-4.06	-4.98	0.2953858956	0.0256984384	-0.0022062879
200301	-4.67	-3.46	-2.06	-0.6	-2.32	0.3059423072	0.0282539678	0.0044223328
200302	-2.27	-1.27	-0.92	-1.94	-2.62	0.3122513206	0.0278719086	0.0077050083
200303	1.08	1.75	-0.87	3.79	0.75	0.2861177008	0.0240580381	0.0060076461
200304	7.61	4.52	9.78	4.32	11.78	0.2696540306	0.0199302422	-0.0021715527
200305	5.64	6.72	8.79	3.91	5.3	0.2583755061	0.0064059699	-0.0016322089
200306	2.65	0.06	0.71	4.11	0.94	0.2544883373	0.0012176326	0.0010899183
200307	1.28	0.99	3.59	0.62	3.53	0.2476433348	0.0002291845	0.0010887316
200308	4.49	4.39	4.78	-2.53	0.61	0.2428560733	0.0029133592	0.0038064165
200309	-2.41	-2.13	-2.12	0.24	0.35	0.2465417826	0.0073209903	0.0032502709
200310	7.57	5.59	7.84	0.72	6.42	0.2333089667	0.0072101681	-0.0010799136
200311	1.95	1.5	1.27	1.63	1.11	0.2337541521	0.0100005397	-0.0027027027
200312	0.95	8.41	3.39	5.68	4.48	0.2187398648	0.0069456916	-0.0010840108
200401	0.2	0.08	3.72	3.04	2.72	0.218027721	0.0068420471	0.0048833424
200402	4.91	2.75	-2.4	0.91	2.02	0.2160532204	0.0093278078	0.005399568
200403	-0.04	0.02	-2.51	-3.91	-0.61	0.2817314655	0.012245885	0.0064446831
200404	-0.7	0.04	-3.8	3.57	-3.84	0.2853718668	0.0137299613	0.0032017076
200405	-0.84	1.2	2.82	-0.38	2.08	0.2864115739	0.0151458788	0.0058510638
200406	1.13	4.88	2.12	-0.38	1.51	0.279631603	0.0144974259	0.0031729244
200407	-4.75	-1.11	-6.73	-5.87	-2.4	0.2877883095	0.0147257304	-0.0015814444
200408	-0.49	0.89	-2.96	1.66	1.93	0.2868206158	0.0142838725	0.0005279831
200409	0.89	3.9	2.77	-1.41	1.24	0.2894853015	0.0091354844	0.0021108179
200410	2.51	0.16	4.6	-2.41	1.22	0.2910095966	0.0074307183	0.0052659294
200411	4.24	6.6	5.23	0.66	4.96	0.2798316459	0.0121807714	0.0005238345
200412	4.06	1.1	3.47	5.66	4.42	0.2706192427	0.0130002322	-0.0036649215
200501	-1.17	0.26	-5.58	-4.05	-2.44	0.2781798561	0.0135896266	0.0021019443
200502	0.67	8.5	-0.18	2.48	0.22	0.2710410236	0.0117939032	0.0057682223
200503	-0.93	-1.76	-1.85	-0.41	-2.4	0.3198568893	0.0091349962	0.0078206465
200504	-4.09	-4	-3.9	3.95	-1.64	0.3296244007	0.0079743701	0.0067252975
200505	4.91	2.45	6.15	1.45	3.38	0.3209655046	0.0058796602	-0.0010277492
200506	0.84	2.29	-1.18	-0.57	1.4	0.3269790569	0.0053629347	0.0005144033
200507	4.5	5.42	5.26	3.73	2.44	0.3157342746	0.0044903061	0.0046272494
200508	-3.25	1.49	-0.7	-0.33	-1.7	0.3205331247	0.0054170168	0.0051177073
200509	-1.21	3.64	0.22	-1.95	1.22	0.3178915098	0.0067361207	0.0122199593
200510	-0.13	-6.07	-1.96	-3.25	1.25	0.3218081871	0.0057613025	0.0020120724
200511	2.73	2.92	5.66	1.57	4.94	0.3109143456	0.0057814093	-0.0080321285
200512	-0.44	1.15	-1.77	2.4	0.18	0.3134779566	0.0030790439	-0.004048583
200601	1.59	7.41	3.73	2.16	1.54	0.3092262579	-0.0004124947	0.0076219512
200602	1.21	-2.48	-0.32	1.07	1.09	0.3056103611	0.0020687703	0.0020171457
200603	1.99	2.28	2.74	-0.96	1.86	0.3160094407	0.0021774747	0.0055359839
200604	-0.51	3.89	-0.53	-1.94	2.24	0.3088419778	-0.0034487359	0.0085085085
200605	-0.54	-2.58	-5.42	-2.18	-3.23	0.3143403075	-0.0026302873	0.0049627792
200606	0.25	1.05	-0.31	-0.14	-0.32	0.3148502899	-0.0021637049	0.0019753086
200607	-1.3	0.64	-2.4	4.27	-1.11	0.3138521753	-0.0023461659	0.0029571217
200608	2.46	0.07	5.91	2.29	1.63	0.3084617987	-0.0084559353	0.001965602
200609	3.25	-0.71	3.61	1.67	3.36	0.3005932835	-0.0094131847	-0.0049043649
200610	3.5	4.76	4.57	1.65	2.89	0.2905991608	-0.0089170595	-0.0054213898
200611	-0.02	5.2	2.43	0.05	1.74	0.2872418677	-0.0150939479	-0.0014866204
200612	1.48	-0.38	0.34	0.08	3.22	0.2816823997	-0.0149557599	0.0014888337
200701	2.63	1.16	2.35	3.5	1.09	0.2781442105	-0.0140001719	0.0030525273
200702	-1.06	0.38	-2.49	-2.8	-2.31	0.2861484942	-0.015144009	0.0053503676
200703	1.26	3.55	1.25	-0.22	-0.27	0.2690500135	-0.0124906939	0.0091056959
200704	3.12	4.65	4.22	6.84	3.39	0.2544561689	-0.0089133421	0.0064961627
200705	2.7	5.02	4.56	1.11	3.35	0.2439114941	-0.0102838894	0.0061107187
200706	-1.21	-0.72	0.04	-3.4	-2.68	0.24789561	-0.0110259577	0.0019379752
200707	-4.97	-1.06	-1.78	-4.04	-5.46	0.2515849644	-0.015258346	-0.0002543772
200708	1.32	0.77	1.74	2.3	0.89	0.2488398512	-0.012201187	-0.0018339022
200709	1.25	5.97	3.6	3.58	2.68	0.2392074367	-0.0130641053	0.0027559074
200710	1.53	2.5	4.43	1.44	-0.12	0.2386170601	-0.0179606873	0.0021391913
200711	-2.16	-2.83	-7.25	0.02	-6.31	0.2485796916	-0.0252137401	0.0059396179
200712	-1.98	3.36	1.03	-4.07	-3.61	0.2505829731	-0.0416596719	-0.0006708631
200801	-2.75	-8.08	-11.2	-4.55	-1.97	0.2627544223	-0.0441808882	0.0049705765
200802	-2.98	2.57	-3.73	-0.9	-8.32	0.270979321	-0.0506158637	0.0029041122
200803	1.18	-0.95	0.5	-1.79	-1.73	0.2540575672	-0.0528711385	0.0086682129
200804	2.45	7.41	6.23	0.42	3.64	0.2430146964	-0.0498316683	0.0060647784
200805	2.18	3.78	5.27	1.63	-2.43	0.2465106122	-0.0463789545	0.008420886
200806	-8.53	-3.02	-9.48	-3.01	-14.83	0.2744913881	-0.0484321663	0.0100769969
200807	1.43	-8.02	-1.34	6.77	4.33	0.2738156551	-0.0479680254	0.0052510111
200808	3.63	0.52	2.77	1.79	0.3	0.2698892455	-0.0474671534	-0.0039915623
200809	-4.76	-12.8	-12.58	-5.94	-6.78	0.2871235482	-0.0503477564	-0.0013830185
200810	-14.85	-17.85	-17.78	-10.95	-20.04	0.3340993736	-0.0576771074	-0.0101013333
200811	-7.44	-3.37	-8.95	-7.35	-12.1	0.3528673559	-0.054575626	-0.0191528953
200812	2.76	-1.07	2.61	6.74	1.38	0.3549842247	-0.02479255	-0.0103424738
200901	-6.18	-5.29	-5.05	-2.2	-18.34	0.3893931402	-0.0253537369	0.0043524174
200902	-5.51	-12.7	-5.49	-9.92	-14.02	0.441103055	-0.0253285789	0.004972933
200903	8.53	5.12	10.4	7.05	12.89	0.2965282852	-0.0377904306	0.0024317485
200904	8.87	9.66	11.92	-0.95	16.36	0.2762275775	-0.0313882996	0.0024963683
200905	2.07	7.42	2.79	6.25	7.74	0.2654320479	-0.0248048848	0.0028887638
200906	0.16	-1.97	3.73	3.54	-1.92	0.2671078489	-0.0225464839	0.0085898923
200907	7.63	7.76	7.64	5.52	8.91	0.2460047909	-0.0141900247	-0.0015855869
200908	2.5	1.62	2.09	2.2	8.06	0.2375940895	-0.008173733	0.00224285
200909	3.2	5.28	5.47	2.4	3.21	0.232310024	-6.99382e-05	0.0006254807
200910	-0.29	-0.82	-1.86	-3.68	-5.23	0.2322992609	0.0031456961	0.0009631012
200911	4.83	5.36	5.28	8.23	5.76	0.2181048716	0.0074636573	0.0007077534
200912	2.43	1.98	5.97	2.45	1.23	0.2163645169	0.0105411458	-0.0017611982
201001	-1.95	-4.02	-7.63	0	-1.65	0.2241170201	0.0133567261	0.0034174736
201002	3.9	3.23	4.38	0.37	3.38	0.2185184683	0.0138605893	0.0002492074
201003	6.35	4.74	6.92	3.61	8.43	0.3818781703	0.0263355562	0.0041062835
201004	1.52	3.31	2.5	-2.22	2.15	0.3766061292	0.0266157081	0.0017368849
201005	-5.7	-8.88	-7.31	-8.01	-8.82	0.4090027948	0.0256812373	0.0007751974
201006	-6.51	-5.19	-5.77	-1.63	-7.65	0.4241765415	0.0187132161	-0.0009762671
201007	6.44	8.48	7.99	2.15	7.48	0.3961335532	0.0155053388	0.0002110431
201008	-3.34	-3.79	-5.54	-1.66	-7.55	0.4139816191	0.0111071822	0.0013806643
201009	9.87	8.83	11.41	9	8.82	0.3843057828	0.003227151	0.0005817362
201010	3.61	4.33	6.03	2	2.6	0.3728872859	0.0071324604	0.0012451989
201011	2.89	2.46	-1.06	-3.33	0.52	0.3766947543	0.0147474827	0.0004206464
201012	4.12	7.27	6.18	5.41	9.73	0.3581003169	0.0125554457	0.0017184408
201101	-1.28	4.25	3.11	-0.71	1.97	0.3486322237	0.0153074556	0.0047632301
201102	2.91	4.88	3.37	3.33	2.66	0.3390965735	0.015887735	0.004931365
201103	1.79	1.73	-0.84	2.29	-0.87	0.3542699394	0.0124454877	0.009751072
201104	4.31	2.47	3.18	6.38	1.11	0.3406968012	0.0093547343	0.0064394295
201105	0.83	-2.59	-1.16	1.96	-2.38	0.3472221891	0.0090860184	0.0047041875
201106	-0.93	-1.27	-2.12	-1.84	-2.06	0.3515700392	0.0117181387	-0.0010709671
201107	-1.38	-2.04	-1.36	-3.65	-3.76	0.359418903	0.0123685731	0.0008860457
201108	-2.91	-6.7	-6.6	-3.09	-7.59	0.3758125221	0.012766968	0.0027575889
201109	-5.14	-10	-5.11	-3.96	-10.29	0.399922847	0.0132008715	0.0015184621
201110	9.53	13.57	11.03	5.54	13.3	0.3650779046	0.007910972	-0.0020626826
201111	0.44	1.45	-1.56	1.28	-1.6	0.3623298975	-0.0043532176	-0.0008435613
201112	1.1	-0.08	-0.48	3.53	1.07	0.3572325407	-0.0065046624	-0.0024665164
201201	3.41	3.1	6.88	3.38	6.76	0.3454873026	-0.0130873525	0.0044001914
201202	3.61	4.41	6.34	1.23	3.87	0.3369739354	-0.0144834951	0.0044029736
201203	4.07	-0.67	4.25	3.96	4.76	0.3461819674	-0.0137921071	0.0075945586
201204	0.24	-0.66	-1.32	0.61	-1.69	0.3461403112	-0.0124206866	0.0030210295
201205	-3.28	-7.78	-6.46	-3.28	-7.19	0.3690473597	-0.0160792271	-0.0011734794
201206	2.01	3.23	3.76	6.8	4.75	0.3551038851	-0.0198316065	-0.0014663969
201207	1.26	2.08	0.47	1.65	-1	0.3515937051	-0.0211082586	-0.0016297859
201208	1.84	1.82	3.76	0.97	2.78	0.3493870523	-0.0205523606	0.0055651582
201209	1.71	2.44	2.3	4.71	3.79	0.3403829538	-0.0182558561	0.0044622123
201210	-0.78	-0.82	-5.4	-1.88	0.64	0.3492371221	-0.0164436715	-0.0003889251
201211	2.23	0.01	1.45	1.51	-0.02	0.3511375309	-0.0128112169	-0.0047380867
201212	-0.87	1.8	0.47	-0.53	3.42	0.3490324432	-0.0122655894	-0.0026930645
201301	5.25	6.5	3.06	8.08	6.93	0.3299840266	-0.0086792036	0.0029573042
201302	1.67	1.09	0.95	1.36	1.78	0.3254312323	-0.0095257151	0.0081900295
201303	4.78	2.88	3.38	6.52	4.02	0.3461299966	-0.0095482096	0.0026145086
201304	3.16	0.7	1.45	2.58	0.83	0.3400362539	-0.0086684082	-0.0010396395
201305	1.12	1.51	2.83	1.63	6.05	0.3338325978	-0.0046897512	0.0017804078
201306	-0.07	-1.71	-1.65	-1.36	-1.16	0.338444358	0.0001412793	0.0023997081
201307	5.1	5.4	5.47	7.88	5.43	0.3255625651	0.0083903972	0.0003939975
201308	-3.86	-2.31	-0.8	-3.81	-3.64	0.3407133274	0.0103574961	0.0012029316
201309	3.74	3.41	3.92	4.02	3.77	0.3335214846	0.0101419436	0.0011630045
201310	4.52	4.4	4.32	3.82	3.76	0.324594825	0.0096467456	-0.0025752833
201311	2.66	1.47	2.83	4.5	4.57	0.3136852784	0.0103455571	-0.0020424242
201312	1.12	2.83	4.05	0.65	3.08	0.3044081256	0.0121835026	-8.58115e-05
201401	-5.95	-4.22	-1.8	1.65	-4.43	0.3214292767	0.0137916793	0.0037202477
201402	4.92	5.11	4.69	6.47	3.45	0.3091630718	0.0166154257	0.0036979087
201403	0.69	1.42	-0.67	-2.56	2.3	0.3506160657	0.016464203	0.0064400441
201404	-0.04	3.01	-0.89	-0.3	-1.6	0.3480113191	0.0166968463	0.0032967545
201405	1.8	0.92	3.54	1.89	1.75	0.345173256	0.014026564	0.0034926098
201406	1.55	3	2.68	2.86	2.12	0.3429284585	0.0139314283	0.0018621269
201407	-3.26	-4.34	0.37	-0.33	-2.18	0.3483798518	0.0084734136	-0.000390194
201408	5.33	3.97	3.41	5.44	4.41	0.337476204	0.0067704813	-0.0016705142
201409	-1.7	-4.55	-1.41	-0.08	-1.01	0.3385761813	0.0080246546	0.0007525688
201410	2.96	0.73	1.34	5.77	3.3	0.3318083646	0.0080687855	-0.0025122778
201411	6.27	-2.03	3.98	2.67	2.73	0.323661786	0.0069258643	-0.0053994179
201412	0.08	0.36	-1.42	-0.89	1.13	0.3237556717	0.0056424574	-0.0056701009
201501	-0.75	-3.11	-3.66	1.56	-6.19	0.3361687625	0.0002129964	-0.0047058924
201502	5.57	3.84	8.37	4.31	6.89	0.318227291	-0.0037598852	0.0043430449
201503	-0.47	-1.9	-2.41	0.86	-0.78	0.3074540451	-0.0068998347	0.0059517216
201504	-1.09	1.76	1.83	-1.39	0.48	0.3063442097	-0.0070866767	0.0020328733
201505	1.13	-1.15	1.67	4.89	1.73	0.303449953	-0.0075095693	0.005097232
201506	-0.92	-3.06	-2.84	0.07	-0.32	0.3101868327	-0.0081016117	0.00350287
201507	4.2	-3.29	2.25	3.66	2.02	0.3089532648	-0.0080711484	6.70472e-05
201508	-5	-4.74	-6.43	-8.37	-6.17	0.3306709874	-0.0095360748	-0.0014162763
201509	-1.51	-3.96	-1.71	-7.28	-3.07	0.3356119548	-0.0129102113	-0.0015567566
201510	5.43	8.69	9.85	7.74	6.5	0.3094136283	-0.0162088581	-0.0004496838
201511	0.29	-0.08	0.55	0.71	1.2	0.3084291577	-0.0178103255	-0.0021106804
201512	0.13	-4.66	-2.65	0.4	-2.68	0.3136488144	-0.0216105795	-0.0034170964
201601	-3.3	-3.46	-5.03	-9.42	-8.23	0.3319106296	-0.0202629486	0.0016531022
201602	0.51	1.4	-0.52	-1.07	-0.06	0.3309018254	-0.0240243415	0.0008230765
201603	5.81	8.1	7.86	2.92	7.06	0.3279547913	-0.0229995356	0.0043060001
201604	-0.13	3.49	-3.05	3.56	2.33	0.3263208887	-0.0236402525	0.004741068
201605	0.74	-0.18	4.08	2.47	0.93	0.3260721193	-0.0270944553	0.004045791
201606	1.73	2.64	-0.91	0.13	-2.7	0.3234753617	-0.0286821972	0.0032843662
201607	2.46	1.21	6.66	6.02	3.53	0.3146611589	-0.0316685417	-0.0016181364
201608	-1	0.37	0.73	-3.22	3.38	0.3151974253	-0.0307277011	0.0009184301
201609	-1.44	1.05	2.06	0.37	-1.24	0.3167938869	-0.0326277046	0.0024039959
201610	-2.52	-2.3	-1.46	-7.43	0.61	0.3196877815	-0.0289997168	0.0012467485
201611	1.53	5.3	1.66	1.38	11.31	0.3032857864	-0.0273943973	-0.0015554609
201612	1.33	1.56	1.6	0.85	2.94	0.2934790969	-0.0248100371	0.0003273214
